fecha,barrio,formacion,total,mujer,varon
"2020-12-01","Buenavista","Menores de 16","2791","1319","1472"
"2020-12-01","Buenavista","No sabe leer ni escribir","1","1",
"2020-12-01","Buenavista","Sin Estudios","55","32","23"
"2020-12-01","Buenavista","Enseñanza Primaria incomp","232","106","126"
"2020-12-01","Buenavista","Enseñanza Secundaria","1340","525","815"
"2020-12-01","Buenavista","FP1 Grado Medio","773","328","445"
"2020-12-01","Buenavista","FP2 Grado Superior","803","332","471"
"2020-12-01","Buenavista","B.Superior.BUP,COU","1146","533","613"
"2020-12-01","Buenavista","Otras titulaciones medias","52","28","24"
"2020-12-01","Buenavista","Diplomados","681","489","192"
"2020-12-01","Buenavista","Arquitecto, Ingeniero Tec","223","64","159"
"2020-12-01","Buenavista","Licenciado Universitario","1445","884","561"
"2020-12-01","Buenavista","Estudios superiores no Un","37","14","23"
"2020-12-01","Buenavista","Doctorado Postgrado","375","233","142"
"2020-12-01","Centro","Menores de 16","4370","2151","2219"
"2020-12-01","Centro","No sabe leer ni escribir","143","98","45"
"2020-12-01","Centro","Sin Estudios","1743","1081","662"
"2020-12-01","Centro","Enseñanza Primaria incomp","4578","2604","1974"
"2020-12-01","Centro","Enseñanza Secundaria","7659","3893","3766"
"2020-12-01","Centro","FP1 Grado Medio","1628","698","930"
"2020-12-01","Centro","FP2 Grado Superior","1501","627","874"
"2020-12-01","Centro","B.Superior.BUP,COU","4283","2139","2144"
"2020-12-01","Centro","Otras titulaciones medias","465","308","157"
"2020-12-01","Centro","Diplomados","646","453","193"
"2020-12-01","Centro","Arquitecto, Ingeniero Tec","194","66","128"
"2020-12-01","Centro","Licenciado Universitario","3004","1742","1262"
"2020-12-01","Centro","Estudios superiores no Un","66","36","30"
"2020-12-01","Centro","Doctorado Postgrado","590","311","279"
"2020-12-01","Centro","Valor Desconocido","68","35","33"
"2020-12-01","El Bercial","Menores de 16","5228","2531","2697"
"2020-12-01","El Bercial","No sabe leer ni escribir","37","25","12"
"2020-12-01","El Bercial","Sin Estudios","479","294","185"
"2020-12-01","El Bercial","Enseñanza Primaria incomp","1334","705","629"
"2020-12-01","El Bercial","Enseñanza Secundaria","3434","1593","1841"
"2020-12-01","El Bercial","FP1 Grado Medio","977","432","545"
"2020-12-01","El Bercial","FP2 Grado Superior","1238","474","764"
"2020-12-01","El Bercial","B.Superior.BUP,COU","2412","1223","1189"
"2020-12-01","El Bercial","Otras titulaciones medias","173","100","73"
"2020-12-01","El Bercial","Diplomados","791","554","237"
"2020-12-01","El Bercial","Arquitecto, Ingeniero Tec","264","71","193"
"2020-12-01","El Bercial","Licenciado Universitario","2311","1334","977"
"2020-12-01","El Bercial","Estudios superiores no Un","57","26","31"
"2020-12-01","El Bercial","Doctorado Postgrado","487","277","210"
"2020-12-01","El Bercial","Valor Desconocido","14","3","11"
"2020-12-01","Getafe-Norte","Menores de 16","3177","1514","1663"
"2020-12-01","Getafe-Norte","No sabe leer ni escribir","69","39","30"
"2020-12-01","Getafe-Norte","Sin Estudios","631","367","264"
"2020-12-01","Getafe-Norte","Enseñanza Primaria incomp","1819","1007","812"
"2020-12-01","Getafe-Norte","Enseñanza Secundaria","4254","2044","2210"
"2020-12-01","Getafe-Norte","FP1 Grado Medio","1238","576","662"
"2020-12-01","Getafe-Norte","FP2 Grado Superior","1396","583","813"
"2020-12-01","Getafe-Norte","B.Superior.BUP,COU","2815","1491","1324"
"2020-12-01","Getafe-Norte","Otras titulaciones medias","228","136","92"
"2020-12-01","Getafe-Norte","Diplomados","471","346","125"
"2020-12-01","Getafe-Norte","Arquitecto, Ingeniero Tec","127","32","95"
"2020-12-01","Getafe-Norte","Licenciado Universitario","2142","1204","938"
"2020-12-01","Getafe-Norte","Estudios superiores no Un","16","7","9"
"2020-12-01","Getafe-Norte","Doctorado Postgrado","393","221","172"
"2020-12-01","Getafe-Norte","Valor Desconocido","39","11","28"
"2020-12-01","Juan de la Cierva","Menores de 16","4065","1956","2109"
"2020-12-01","Juan de la Cierva","No sabe leer ni escribir","169","119","50"
"2020-12-01","Juan de la Cierva","Sin Estudios","2203","1349","854"
"2020-12-01","Juan de la Cierva","Enseñanza Primaria incomp","5269","2905","2364"
"2020-12-01","Juan de la Cierva","Enseñanza Secundaria","7629","3792","3837"
"2020-12-01","Juan de la Cierva","FP1 Grado Medio","1629","734","895"
"2020-12-01","Juan de la Cierva","FP2 Grado Superior","1268","519","749"
"2020-12-01","Juan de la Cierva","B.Superior.BUP,COU","3198","1660","1538"
"2020-12-01","Juan de la Cierva","Otras titulaciones medias","264","169","95"
"2020-12-01","Juan de la Cierva","Diplomados","371","272","99"
"2020-12-01","Juan de la Cierva","Arquitecto, Ingeniero Tec","115","25","90"
"2020-12-01","Juan de la Cierva","Licenciado Universitario","1626","954","672"
"2020-12-01","Juan de la Cierva","Estudios superiores no Un","39","19","20"
"2020-12-01","Juan de la Cierva","Doctorado Postgrado","307","176","131"
"2020-12-01","Juan de la Cierva","Valor Desconocido","74","31","43"
"2020-12-01","La Alhóndiga","Menores de 16","3872","1821","2051"
"2020-12-01","La Alhóndiga","No sabe leer ni escribir","123","94","29"
"2020-12-01","La Alhóndiga","Sin Estudios","1649","1028","621"
"2020-12-01","La Alhóndiga","Enseñanza Primaria incomp","3458","1874","1584"
"2020-12-01","La Alhóndiga","Enseñanza Secundaria","5433","2628","2805"
"2020-12-01","La Alhóndiga","FP1 Grado Medio","1236","570","666"
"2020-12-01","La Alhóndiga","FP2 Grado Superior","1153","487","666"
"2020-12-01","La Alhóndiga","B.Superior.BUP,COU","2777","1468","1309"
"2020-12-01","La Alhóndiga","Otras titulaciones medias","190","120","70"
"2020-12-01","La Alhóndiga","Diplomados","480","343","137"
"2020-12-01","La Alhóndiga","Arquitecto, Ingeniero Tec","155","44","111"
"2020-12-01","La Alhóndiga","Licenciado Universitario","1723","1015","708"
"2020-12-01","La Alhóndiga","Estudios superiores no Un","42","17","25"
"2020-12-01","La Alhóndiga","Doctorado Postgrado","364","212","152"
"2020-12-01","La Alhóndiga","Valor Desconocido","26","9","17"
"2020-12-01","Las Margaritas","Menores de 16","1907","920","987"
"2020-12-01","Las Margaritas","No sabe leer ni escribir","72","48","24"
"2020-12-01","Las Margaritas","Sin Estudios","827","511","316"
"2020-12-01","Las Margaritas","Enseñanza Primaria incomp","1589","855","734"
"2020-12-01","Las Margaritas","Enseñanza Secundaria","2819","1372","1447"
"2020-12-01","Las Margaritas","FP1 Grado Medio","544","259","285"
"2020-12-01","Las Margaritas","FP2 Grado Superior","465","176","289"
"2020-12-01","Las Margaritas","B.Superior.BUP,COU","1455","732","723"
"2020-12-01","Las Margaritas","Otras titulaciones medias","91","69","22"
"2020-12-01","Las Margaritas","Diplomados","231","164","67"
"2020-12-01","Las Margaritas","Arquitecto, Ingeniero Tec","77","25","52"
"2020-12-01","Las Margaritas","Licenciado Universitario","1054","622","432"
"2020-12-01","Las Margaritas","Estudios superiores no Un","28","15","13"
"2020-12-01","Las Margaritas","Doctorado Postgrado","231","137","94"
"2020-12-01","Las Margaritas","Valor Desconocido","19","14","5"
"2020-12-01","Los Molinos","Menores de 16","2890","1376","1514"
"2020-12-01","Los Molinos","No sabe leer ni escribir","2","2",
"2020-12-01","Los Molinos","Sin Estudios","64","28","36"
"2020-12-01","Los Molinos","Enseñanza Primaria incomp","252","120","132"
"2020-12-01","Los Molinos","Enseñanza Secundaria","1309","532","777"
"2020-12-01","Los Molinos","FP1 Grado Medio","736","299","437"
"2020-12-01","Los Molinos","FP2 Grado Superior","891","352","539"
"2020-12-01","Los Molinos","B.Superior.BUP,COU","1075","487","588"
"2020-12-01","Los Molinos","Otras titulaciones medias","88","54","34"
"2020-12-01","Los Molinos","Diplomados","667","489","178"
"2020-12-01","Los Molinos","Arquitecto, Ingeniero Tec","280","66","214"
"2020-12-01","Los Molinos","Licenciado Universitario","1571","947","624"
"2020-12-01","Los Molinos","Estudios superiores no Un","50","27","23"
"2020-12-01","Los Molinos","Doctorado Postgrado","402","248","154"
"2020-12-01","Perales del Rio","Menores de 16","2160","1018","1142"
"2020-12-01","Perales del Rio","No sabe leer ni escribir","42","27","15"
"2020-12-01","Perales del Rio","Sin Estudios","244","136","108"
"2020-12-01","Perales del Rio","Enseñanza Primaria incomp","897","455","442"
"2020-12-01","Perales del Rio","Enseñanza Secundaria","2152","1058","1094"
"2020-12-01","Perales del Rio","FP1 Grado Medio","583","275","308"
"2020-12-01","Perales del Rio","FP2 Grado Superior","656","274","382"
"2020-12-01","Perales del Rio","B.Superior.BUP,COU","1347","699","648"
"2020-12-01","Perales del Rio","Otras titulaciones medias","147","82","65"
"2020-12-01","Perales del Rio","Diplomados","318","226","92"
"2020-12-01","Perales del Rio","Arquitecto, Ingeniero Tec","82","24","58"
"2020-12-01","Perales del Rio","Licenciado Universitario","1026","602","424"
"2020-12-01","Perales del Rio","Estudios superiores no Un","33","19","14"
"2020-12-01","Perales del Rio","Doctorado Postgrado","206","115","91"
"2020-12-01","Perales del Rio","Valor Desconocido","15","8","7"
"2020-12-01","San Isidro","Menores de 16","1235","566","669"
"2020-12-01","San Isidro","No sabe leer ni escribir","171","94","77"
"2020-12-01","San Isidro","Sin Estudios","758","454","304"
"2020-12-01","San Isidro","Enseñanza Primaria incomp","1594","857","737"
"2020-12-01","San Isidro","Enseñanza Secundaria","2345","1119","1226"
"2020-12-01","San Isidro","FP1 Grado Medio","461","202","259"
"2020-12-01","San Isidro","FP2 Grado Superior","456","193","263"
"2020-12-01","San Isidro","B.Superior.BUP,COU","934","496","438"
"2020-12-01","San Isidro","Otras titulaciones medias","69","41","28"
"2020-12-01","San Isidro","Diplomados","125","87","38"
"2020-12-01","San Isidro","Arquitecto, Ingeniero Tec","47","12","35"
"2020-12-01","San Isidro","Licenciado Universitario","457","272","185"
"2020-12-01","San Isidro","Estudios superiores no Un","8","4","4"
"2020-12-01","San Isidro","Doctorado Postgrado","76","39","37"
"2020-12-01","San Isidro","Valor Desconocido","14","10","4"
"2020-12-01","Sector III","Menores de 16","2606","1244","1362"
"2020-12-01","Sector III","No sabe leer ni escribir","106","51","55"
"2020-12-01","Sector III","Sin Estudios","803","523","280"
"2020-12-01","Sector III","Enseñanza Primaria incomp","2808","1585","1223"
"2020-12-01","Sector III","Enseñanza Secundaria","4244","2140","2104"
"2020-12-01","Sector III","FP1 Grado Medio","1189","513","676"
"2020-12-01","Sector III","FP2 Grado Superior","1235","406","829"
"2020-12-01","Sector III","B.Superior.BUP,COU","2709","1330","1379"
"2020-12-01","Sector III","Otras titulaciones medias","546","318","228"
"2020-12-01","Sector III","Diplomados","535","400","135"
"2020-12-01","Sector III","Arquitecto, Ingeniero Tec","191","63","128"
"2020-12-01","Sector III","Licenciado Universitario","2618","1355","1263"
"2020-12-01","Sector III","Estudios superiores no Un","27","5","22"
"2020-12-01","Sector III","Doctorado Postgrado","479","266","213"
"2020-12-01","Sector III","Valor Desconocido","84","30","54"
"2021-01-01","Buenavista","Menores de 16","2828","1340","1488"
"2021-01-01","Buenavista","No sabe leer ni escribir","1","1",
"2021-01-01","Buenavista","Sin Estudios","55","32","23"
"2021-01-01","Buenavista","Enseñanza Primaria incomp","232","106","126"
"2021-01-01","Buenavista","Enseñanza Secundaria","1348","529","819"
"2021-01-01","Buenavista","FP1 Grado Medio","776","331","445"
"2021-01-01","Buenavista","FP2 Grado Superior","807","333","474"
"2021-01-01","Buenavista","B.Superior.BUP,COU","1148","533","615"
"2021-01-01","Buenavista","Otras titulaciones medias","52","28","24"
"2021-01-01","Buenavista","Diplomados","682","490","192"
"2021-01-01","Buenavista","Arquitecto, Ingeniero Tec","222","64","158"
"2021-01-01","Buenavista","Licenciado Universitario","1449","888","561"
"2021-01-01","Buenavista","Estudios superiores no Un","36","13","23"
"2021-01-01","Buenavista","Doctorado Postgrado","379","237","142"
"2021-01-01","Centro","Menores de 16","4380","2154","2226"
"2021-01-01","Centro","No sabe leer ni escribir","140","96","44"
"2021-01-01","Centro","Sin Estudios","1731","1072","659"
"2021-01-01","Centro","Enseñanza Primaria incomp","4567","2601","1966"
"2021-01-01","Centro","Enseñanza Secundaria","7650","3886","3764"
"2021-01-01","Centro","FP1 Grado Medio","1633","701","932"
"2021-01-01","Centro","FP2 Grado Superior","1502","632","870"
"2021-01-01","Centro","B.Superior.BUP,COU","4261","2137","2124"
"2021-01-01","Centro","Otras titulaciones medias","459","303","156"
"2021-01-01","Centro","Diplomados","647","455","192"
"2021-01-01","Centro","Arquitecto, Ingeniero Tec","193","65","128"
"2021-01-01","Centro","Licenciado Universitario","2998","1740","1258"
"2021-01-01","Centro","Estudios superiores no Un","64","36","28"
"2021-01-01","Centro","Doctorado Postgrado","588","311","277"
"2021-01-01","Centro","Valor Desconocido","68","35","33"
"2021-01-01","El Bercial","Menores de 16","5229","2531","2698"
"2021-01-01","El Bercial","No sabe leer ni escribir","36","25","11"
"2021-01-01","El Bercial","Sin Estudios","478","294","184"
"2021-01-01","El Bercial","Enseñanza Primaria incomp","1334","705","629"
"2021-01-01","El Bercial","Enseñanza Secundaria","3421","1592","1829"
"2021-01-01","El Bercial","FP1 Grado Medio","970","430","540"
"2021-01-01","El Bercial","FP2 Grado Superior","1225","468","757"
"2021-01-01","El Bercial","B.Superior.BUP,COU","2406","1219","1187"
"2021-01-01","El Bercial","Otras titulaciones medias","174","101","73"
"2021-01-01","El Bercial","Diplomados","793","554","239"
"2021-01-01","El Bercial","Arquitecto, Ingeniero Tec","266","71","195"
"2021-01-01","El Bercial","Licenciado Universitario","2300","1329","971"
"2021-01-01","El Bercial","Estudios superiores no Un","59","27","32"
"2021-01-01","El Bercial","Doctorado Postgrado","482","273","209"
"2021-01-01","El Bercial","Valor Desconocido","14","3","11"
"2021-01-01","Getafe-Norte","Menores de 16","3176","1516","1660"
"2021-01-01","Getafe-Norte","No sabe leer ni escribir","69","39","30"
"2021-01-01","Getafe-Norte","Sin Estudios","630","367","263"
"2021-01-01","Getafe-Norte","Enseñanza Primaria incomp","1815","1006","809"
"2021-01-01","Getafe-Norte","Enseñanza Secundaria","4248","2042","2206"
"2021-01-01","Getafe-Norte","FP1 Grado Medio","1234","572","662"
"2021-01-01","Getafe-Norte","FP2 Grado Superior","1392","583","809"
"2021-01-01","Getafe-Norte","B.Superior.BUP,COU","2811","1488","1323"
"2021-01-01","Getafe-Norte","Otras titulaciones medias","228","136","92"
"2021-01-01","Getafe-Norte","Diplomados","472","348","124"
"2021-01-01","Getafe-Norte","Arquitecto, Ingeniero Tec","126","31","95"
"2021-01-01","Getafe-Norte","Licenciado Universitario","2133","1197","936"
"2021-01-01","Getafe-Norte","Estudios superiores no Un","15","6","9"
"2021-01-01","Getafe-Norte","Doctorado Postgrado","391","221","170"
"2021-01-01","Getafe-Norte","Valor Desconocido","38","11","27"
"2021-01-01","Juan de la Cierva","Menores de 16","4076","1959","2117"
"2021-01-01","Juan de la Cierva","No sabe leer ni escribir","169","120","49"
"2021-01-01","Juan de la Cierva","Sin Estudios","2196","1346","850"
"2021-01-01","Juan de la Cierva","Enseñanza Primaria incomp","5248","2896","2352"
"2021-01-01","Juan de la Cierva","Enseñanza Secundaria","7626","3791","3835"
"2021-01-01","Juan de la Cierva","FP1 Grado Medio","1612","725","887"
"2021-01-01","Juan de la Cierva","FP2 Grado Superior","1263","519","744"
"2021-01-01","Juan de la Cierva","B.Superior.BUP,COU","3197","1659","1538"
"2021-01-01","Juan de la Cierva","Otras titulaciones medias","265","171","94"
"2021-01-01","Juan de la Cierva","Diplomados","373","271","102"
"2021-01-01","Juan de la Cierva","Arquitecto, Ingeniero Tec","115","25","90"
"2021-01-01","Juan de la Cierva","Licenciado Universitario","1614","946","668"
"2021-01-01","Juan de la Cierva","Estudios superiores no Un","40","21","19"
"2021-01-01","Juan de la Cierva","Doctorado Postgrado","303","173","130"
"2021-01-01","Juan de la Cierva","Valor Desconocido","73","31","42"
"2021-01-01","La Alhóndiga","Menores de 16","3874","1816","2058"
"2021-01-01","La Alhóndiga","No sabe leer ni escribir","124","94","30"
"2021-01-01","La Alhóndiga","Sin Estudios","1640","1024","616"
"2021-01-01","La Alhóndiga","Enseñanza Primaria incomp","3454","1873","1581"
"2021-01-01","La Alhóndiga","Enseñanza Secundaria","5421","2619","2802"
"2021-01-01","La Alhóndiga","FP1 Grado Medio","1238","572","666"
"2021-01-01","La Alhóndiga","FP2 Grado Superior","1146","484","662"
"2021-01-01","La Alhóndiga","B.Superior.BUP,COU","2768","1460","1308"
"2021-01-01","La Alhóndiga","Otras titulaciones medias","190","119","71"
"2021-01-01","La Alhóndiga","Diplomados","478","341","137"
"2021-01-01","La Alhóndiga","Arquitecto, Ingeniero Tec","152","42","110"
"2021-01-01","La Alhóndiga","Licenciado Universitario","1716","1010","706"
"2021-01-01","La Alhóndiga","Estudios superiores no Un","41","17","24"
"2021-01-01","La Alhóndiga","Doctorado Postgrado","361","209","152"
"2021-01-01","La Alhóndiga","Valor Desconocido","27","10","17"
"2021-01-01","Las Margaritas","Menores de 16","1938","936","1002"
"2021-01-01","Las Margaritas","No sabe leer ni escribir","72","48","24"
"2021-01-01","Las Margaritas","Sin Estudios","816","504","312"
"2021-01-01","Las Margaritas","Enseñanza Primaria incomp","1585","853","732"
"2021-01-01","Las Margaritas","Enseñanza Secundaria","2818","1366","1452"
"2021-01-01","Las Margaritas","FP1 Grado Medio","543","258","285"
"2021-01-01","Las Margaritas","FP2 Grado Superior","467","175","292"
"2021-01-01","Las Margaritas","B.Superior.BUP,COU","1452","730","722"
"2021-01-01","Las Margaritas","Otras titulaciones medias","89","68","21"
"2021-01-01","Las Margaritas","Diplomados","228","163","65"
"2021-01-01","Las Margaritas","Arquitecto, Ingeniero Tec","81","26","55"
"2021-01-01","Las Margaritas","Licenciado Universitario","1066","630","436"
"2021-01-01","Las Margaritas","Estudios superiores no Un","31","16","15"
"2021-01-01","Las Margaritas","Doctorado Postgrado","230","134","96"
"2021-01-01","Las Margaritas","Valor Desconocido","19","14","5"
"2021-01-01","Los Molinos","Menores de 16","2912","1385","1527"
"2021-01-01","Los Molinos","No sabe leer ni escribir","2","2",
"2021-01-01","Los Molinos","Sin Estudios","66","30","36"
"2021-01-01","Los Molinos","Enseñanza Primaria incomp","254","121","133"
"2021-01-01","Los Molinos","Enseñanza Secundaria","1309","530","779"
"2021-01-01","Los Molinos","FP1 Grado Medio","740","301","439"
"2021-01-01","Los Molinos","FP2 Grado Superior","896","354","542"
"2021-01-01","Los Molinos","B.Superior.BUP,COU","1080","486","594"
"2021-01-01","Los Molinos","Otras titulaciones medias","87","52","35"
"2021-01-01","Los Molinos","Diplomados","672","491","181"
"2021-01-01","Los Molinos","Arquitecto, Ingeniero Tec","280","66","214"
"2021-01-01","Los Molinos","Licenciado Universitario","1577","954","623"
"2021-01-01","Los Molinos","Estudios superiores no Un","51","27","24"
"2021-01-01","Los Molinos","Doctorado Postgrado","403","249","154"
"2021-01-01","Perales del Rio","Menores de 16","2168","1017","1151"
"2021-01-01","Perales del Rio","No sabe leer ni escribir","42","27","15"
"2021-01-01","Perales del Rio","Sin Estudios","243","135","108"
"2021-01-01","Perales del Rio","Enseñanza Primaria incomp","890","451","439"
"2021-01-01","Perales del Rio","Enseñanza Secundaria","2146","1053","1093"
"2021-01-01","Perales del Rio","FP1 Grado Medio","586","277","309"
"2021-01-01","Perales del Rio","FP2 Grado Superior","657","274","383"
"2021-01-01","Perales del Rio","B.Superior.BUP,COU","1354","701","653"
"2021-01-01","Perales del Rio","Otras titulaciones medias","147","82","65"
"2021-01-01","Perales del Rio","Diplomados","318","226","92"
"2021-01-01","Perales del Rio","Arquitecto, Ingeniero Tec","82","24","58"
"2021-01-01","Perales del Rio","Licenciado Universitario","1025","602","423"
"2021-01-01","Perales del Rio","Estudios superiores no Un","33","19","14"
"2021-01-01","Perales del Rio","Doctorado Postgrado","207","115","92"
"2021-01-01","Perales del Rio","Valor Desconocido","15","8","7"
"2021-01-01","San Isidro","Menores de 16","1235","567","668"
"2021-01-01","San Isidro","No sabe leer ni escribir","170","93","77"
"2021-01-01","San Isidro","Sin Estudios","756","452","304"
"2021-01-01","San Isidro","Enseñanza Primaria incomp","1590","854","736"
"2021-01-01","San Isidro","Enseñanza Secundaria","2340","1120","1220"
"2021-01-01","San Isidro","FP1 Grado Medio","461","202","259"
"2021-01-01","San Isidro","FP2 Grado Superior","453","191","262"
"2021-01-01","San Isidro","B.Superior.BUP,COU","930","495","435"
"2021-01-01","San Isidro","Otras titulaciones medias","67","40","27"
"2021-01-01","San Isidro","Diplomados","123","86","37"
"2021-01-01","San Isidro","Arquitecto, Ingeniero Tec","48","12","36"
"2021-01-01","San Isidro","Licenciado Universitario","456","272","184"
"2021-01-01","San Isidro","Estudios superiores no Un","8","4","4"
"2021-01-01","San Isidro","Doctorado Postgrado","75","39","36"
"2021-01-01","San Isidro","Valor Desconocido","14","10","4"
"2021-01-01","Sector III","Menores de 16","2596","1238","1358"
"2021-01-01","Sector III","No sabe leer ni escribir","105","50","55"
"2021-01-01","Sector III","Sin Estudios","795","519","276"
"2021-01-01","Sector III","Enseñanza Primaria incomp","2791","1577","1214"
"2021-01-01","Sector III","Enseñanza Secundaria","4233","2133","2100"
"2021-01-01","Sector III","FP1 Grado Medio","1184","513","671"
"2021-01-01","Sector III","FP2 Grado Superior","1237","409","828"
"2021-01-01","Sector III","B.Superior.BUP,COU","2698","1323","1375"
"2021-01-01","Sector III","Otras titulaciones medias","545","317","228"
"2021-01-01","Sector III","Diplomados","535","399","136"
"2021-01-01","Sector III","Arquitecto, Ingeniero Tec","186","61","125"
"2021-01-01","Sector III","Licenciado Universitario","2607","1346","1261"
"2021-01-01","Sector III","Estudios superiores no Un","26","5","21"
"2021-01-01","Sector III","Doctorado Postgrado","480","266","214"
"2021-01-01","Sector III","Valor Desconocido","82","29","53"
"2021-03-01","Buenavista","Menores de 16","2891","1365","1526"
"2021-03-01","Buenavista","No sabe leer ni escribir","1","1",
"2021-03-01","Buenavista","Sin Estudios","56","33","23"
"2021-03-01","Buenavista","Enseñanza Primaria incomp","234","107","127"
"2021-03-01","Buenavista","Enseñanza Secundaria","1364","537","827"
"2021-03-01","Buenavista","FP1 Grado Medio","779","332","447"
"2021-03-01","Buenavista","FP2 Grado Superior","808","334","474"
"2021-03-01","Buenavista","B.Superior.BUP,COU","1152","533","619"
"2021-03-01","Buenavista","Otras titulaciones medias","57","30","27"
"2021-03-01","Buenavista","Diplomados","691","499","192"
"2021-03-01","Buenavista","Arquitecto, Ingeniero Tec","226","63","163"
"2021-03-01","Buenavista","Licenciado Universitario","1481","912","569"
"2021-03-01","Buenavista","Estudios superiores no Un","38","14","24"
"2021-03-01","Buenavista","Doctorado Postgrado","381","233","148"
"2021-03-01","Centro","Menores de 16","4382","2163","2219"
"2021-03-01","Centro","No sabe leer ni escribir","139","95","44"
"2021-03-01","Centro","Sin Estudios","1716","1063","653"
"2021-03-01","Centro","Enseñanza Primaria incomp","4561","2603","1958"
"2021-03-01","Centro","Enseñanza Secundaria","7659","3880","3779"
"2021-03-01","Centro","FP1 Grado Medio","1635","702","933"
"2021-03-01","Centro","FP2 Grado Superior","1502","628","874"
"2021-03-01","Centro","B.Superior.BUP,COU","4267","2141","2126"
"2021-03-01","Centro","Otras titulaciones medias","458","303","155"
"2021-03-01","Centro","Diplomados","648","455","193"
"2021-03-01","Centro","Arquitecto, Ingeniero Tec","192","66","126"
"2021-03-01","Centro","Licenciado Universitario","3001","1738","1263"
"2021-03-01","Centro","Estudios superiores no Un","62","34","28"
"2021-03-01","Centro","Doctorado Postgrado","585","314","271"
"2021-03-01","Centro","Valor Desconocido","68","36","32"
"2021-03-01","El Bercial","Menores de 16","5240","2537","2703"
"2021-03-01","El Bercial","No sabe leer ni escribir","36","25","11"
"2021-03-01","El Bercial","Sin Estudios","476","293","183"
"2021-03-01","El Bercial","Enseñanza Primaria incomp","1323","697","626"
"2021-03-01","El Bercial","Enseñanza Secundaria","3415","1593","1822"
"2021-03-01","El Bercial","FP1 Grado Medio","973","434","539"
"2021-03-01","El Bercial","FP2 Grado Superior","1225","467","758"
"2021-03-01","El Bercial","B.Superior.BUP,COU","2401","1218","1183"
"2021-03-01","El Bercial","Otras titulaciones medias","173","100","73"
"2021-03-01","El Bercial","Diplomados","796","553","243"
"2021-03-01","El Bercial","Arquitecto, Ingeniero Tec","268","73","195"
"2021-03-01","El Bercial","Licenciado Universitario","2311","1336","975"
"2021-03-01","El Bercial","Estudios superiores no Un","61","26","35"
"2021-03-01","El Bercial","Doctorado Postgrado","485","275","210"
"2021-03-01","El Bercial","Valor Desconocido","13","3","10"
"2021-03-01","Getafe-Norte","Menores de 16","3185","1524","1661"
"2021-03-01","Getafe-Norte","No sabe leer ni escribir","69","40","29"
"2021-03-01","Getafe-Norte","Sin Estudios","630","367","263"
"2021-03-01","Getafe-Norte","Enseñanza Primaria incomp","1812","1004","808"
"2021-03-01","Getafe-Norte","Enseñanza Secundaria","4255","2045","2210"
"2021-03-01","Getafe-Norte","FP1 Grado Medio","1224","566","658"
"2021-03-01","Getafe-Norte","FP2 Grado Superior","1401","588","813"
"2021-03-01","Getafe-Norte","B.Superior.BUP,COU","2812","1487","1325"
"2021-03-01","Getafe-Norte","Otras titulaciones medias","232","139","93"
"2021-03-01","Getafe-Norte","Diplomados","474","349","125"
"2021-03-01","Getafe-Norte","Arquitecto, Ingeniero Tec","127","32","95"
"2021-03-01","Getafe-Norte","Licenciado Universitario","2131","1193","938"
"2021-03-01","Getafe-Norte","Estudios superiores no Un","16","7","9"
"2021-03-01","Getafe-Norte","Doctorado Postgrado","389","222","167"
"2021-03-01","Getafe-Norte","Valor Desconocido","38","11","27"
"2021-03-01","Juan de la Cierva","Menores de 16","4063","1958","2105"
"2021-03-01","Juan de la Cierva","No sabe leer ni escribir","166","117","49"
"2021-03-01","Juan de la Cierva","Sin Estudios","2187","1346","841"
"2021-03-01","Juan de la Cierva","Enseñanza Primaria incomp","5231","2894","2337"
"2021-03-01","Juan de la Cierva","Enseñanza Secundaria","7638","3788","3850"
"2021-03-01","Juan de la Cierva","FP1 Grado Medio","1617","728","889"
"2021-03-01","Juan de la Cierva","FP2 Grado Superior","1251","517","734"
"2021-03-01","Juan de la Cierva","B.Superior.BUP,COU","3196","1655","1541"
"2021-03-01","Juan de la Cierva","Otras titulaciones medias","262","168","94"
"2021-03-01","Juan de la Cierva","Diplomados","377","270","107"
"2021-03-01","Juan de la Cierva","Arquitecto, Ingeniero Tec","114","26","88"
"2021-03-01","Juan de la Cierva","Licenciado Universitario","1611","951","660"
"2021-03-01","Juan de la Cierva","Estudios superiores no Un","39","21","18"
"2021-03-01","Juan de la Cierva","Doctorado Postgrado","304","170","134"
"2021-03-01","Juan de la Cierva","Valor Desconocido","71","29","42"
"2021-03-01","La Alhóndiga","Menores de 16","3877","1823","2054"
"2021-03-01","La Alhóndiga","No sabe leer ni escribir","123","93","30"
"2021-03-01","La Alhóndiga","Sin Estudios","1628","1015","613"
"2021-03-01","La Alhóndiga","Enseñanza Primaria incomp","3441","1864","1577"
"2021-03-01","La Alhóndiga","Enseñanza Secundaria","5433","2622","2811"
"2021-03-01","La Alhóndiga","FP1 Grado Medio","1236","571","665"
"2021-03-01","La Alhóndiga","FP2 Grado Superior","1141","485","656"
"2021-03-01","La Alhóndiga","B.Superior.BUP,COU","2782","1463","1319"
"2021-03-01","La Alhóndiga","Otras titulaciones medias","193","119","74"
"2021-03-01","La Alhóndiga","Diplomados","474","341","133"
"2021-03-01","La Alhóndiga","Arquitecto, Ingeniero Tec","150","41","109"
"2021-03-01","La Alhóndiga","Licenciado Universitario","1702","996","706"
"2021-03-01","La Alhóndiga","Estudios superiores no Un","43","17","26"
"2021-03-01","La Alhóndiga","Doctorado Postgrado","361","210","151"
"2021-03-01","La Alhóndiga","Valor Desconocido","26","10","16"
"2021-03-01","Las Margaritas","Menores de 16","1982","951","1031"
"2021-03-01","Las Margaritas","No sabe leer ni escribir","71","47","24"
"2021-03-01","Las Margaritas","Sin Estudios","812","500","312"
"2021-03-01","Las Margaritas","Enseñanza Primaria incomp","1590","858","732"
"2021-03-01","Las Margaritas","Enseñanza Secundaria","2853","1382","1471"
"2021-03-01","Las Margaritas","FP1 Grado Medio","543","258","285"
"2021-03-01","Las Margaritas","FP2 Grado Superior","470","179","291"
"2021-03-01","Las Margaritas","B.Superior.BUP,COU","1464","739","725"
"2021-03-01","Las Margaritas","Otras titulaciones medias","88","67","21"
"2021-03-01","Las Margaritas","Diplomados","237","168","69"
"2021-03-01","Las Margaritas","Arquitecto, Ingeniero Tec","82","27","55"
"2021-03-01","Las Margaritas","Licenciado Universitario","1092","642","450"
"2021-03-01","Las Margaritas","Estudios superiores no Un","32","17","15"
"2021-03-01","Las Margaritas","Doctorado Postgrado","249","139","110"
"2021-03-01","Las Margaritas","Valor Desconocido","20","15","5"
"2021-03-01","Los Molinos","Menores de 16","2968","1404","1564"
"2021-03-01","Los Molinos","No sabe leer ni escribir","2","2",
"2021-03-01","Los Molinos","Sin Estudios","66","30","36"
"2021-03-01","Los Molinos","Enseñanza Primaria incomp","260","124","136"
"2021-03-01","Los Molinos","Enseñanza Secundaria","1325","541","784"
"2021-03-01","Los Molinos","FP1 Grado Medio","749","308","441"
"2021-03-01","Los Molinos","FP2 Grado Superior","909","360","549"
"2021-03-01","Los Molinos","B.Superior.BUP,COU","1094","495","599"
"2021-03-01","Los Molinos","Otras titulaciones medias","89","54","35"
"2021-03-01","Los Molinos","Diplomados","676","494","182"
"2021-03-01","Los Molinos","Arquitecto, Ingeniero Tec","285","68","217"
"2021-03-01","Los Molinos","Licenciado Universitario","1603","968","635"
"2021-03-01","Los Molinos","Estudios superiores no Un","51","27","24"
"2021-03-01","Los Molinos","Doctorado Postgrado","409","252","157"
"2021-03-01","Perales del Rio","Menores de 16","2251","1053","1198"
"2021-03-01","Perales del Rio","No sabe leer ni escribir","41","26","15"
"2021-03-01","Perales del Rio","Sin Estudios","245","136","109"
"2021-03-01","Perales del Rio","Enseñanza Primaria incomp","888","449","439"
"2021-03-01","Perales del Rio","Enseñanza Secundaria","2162","1061","1101"
"2021-03-01","Perales del Rio","FP1 Grado Medio","593","281","312"
"2021-03-01","Perales del Rio","FP2 Grado Superior","666","282","384"
"2021-03-01","Perales del Rio","B.Superior.BUP,COU","1374","708","666"
"2021-03-01","Perales del Rio","Otras titulaciones medias","152","86","66"
"2021-03-01","Perales del Rio","Diplomados","334","238","96"
"2021-03-01","Perales del Rio","Arquitecto, Ingeniero Tec","87","24","63"
"2021-03-01","Perales del Rio","Licenciado Universitario","1068","627","441"
"2021-03-01","Perales del Rio","Estudios superiores no Un","34","19","15"
"2021-03-01","Perales del Rio","Doctorado Postgrado","218","122","96"
"2021-03-01","Perales del Rio","Valor Desconocido","15","8","7"
"2021-03-01","San Isidro","Menores de 16","1267","587","680"
"2021-03-01","San Isidro","No sabe leer ni escribir","167","91","76"
"2021-03-01","San Isidro","Sin Estudios","744","448","296"
"2021-03-01","San Isidro","Enseñanza Primaria incomp","1581","850","731"
"2021-03-01","San Isidro","Enseñanza Secundaria","2325","1108","1217"
"2021-03-01","San Isidro","FP1 Grado Medio","461","201","260"
"2021-03-01","San Isidro","FP2 Grado Superior","451","193","258"
"2021-03-01","San Isidro","B.Superior.BUP,COU","934","499","435"
"2021-03-01","San Isidro","Otras titulaciones medias","69","40","29"
"2021-03-01","San Isidro","Diplomados","122","87","35"
"2021-03-01","San Isidro","Arquitecto, Ingeniero Tec","50","12","38"
"2021-03-01","San Isidro","Licenciado Universitario","459","274","185"
"2021-03-01","San Isidro","Estudios superiores no Un","8","4","4"
"2021-03-01","San Isidro","Doctorado Postgrado","76","42","34"
"2021-03-01","San Isidro","Valor Desconocido","14","10","4"
"2021-03-01","Sector III","Menores de 16","2635","1261","1374"
"2021-03-01","Sector III","No sabe leer ni escribir","107","50","57"
"2021-03-01","Sector III","Sin Estudios","799","518","281"
"2021-03-01","Sector III","Enseñanza Primaria incomp","2796","1574","1222"
"2021-03-01","Sector III","Enseñanza Secundaria","4245","2141","2104"
"2021-03-01","Sector III","FP1 Grado Medio","1182","513","669"
"2021-03-01","Sector III","FP2 Grado Superior","1239","410","829"
"2021-03-01","Sector III","B.Superior.BUP,COU","2696","1325","1371"
"2021-03-01","Sector III","Otras titulaciones medias","547","321","226"
"2021-03-01","Sector III","Diplomados","530","397","133"
"2021-03-01","Sector III","Arquitecto, Ingeniero Tec","185","61","124"
"2021-03-01","Sector III","Licenciado Universitario","2599","1345","1254"
"2021-03-01","Sector III","Estudios superiores no Un","26","5","21"
"2021-03-01","Sector III","Doctorado Postgrado","478","266","212"
"2021-03-01","Sector III","Valor Desconocido","80","28","52"
"2021-03-01",,"Licenciado Universitario","1",,
"2021-04-01","Buenavista","Menores de 16","2947","1388","1559"
"2021-04-01","Buenavista","No sabe leer ni escribir","1","1",
"2021-04-01","Buenavista","Sin Estudios","56","33","23"
"2021-04-01","Buenavista","Enseñanza Primaria incomp","233","107","126"
"2021-04-01","Buenavista","Enseñanza Secundaria","1366","539","827"
"2021-04-01","Buenavista","FP1 Grado Medio","774","330","444"
"2021-04-01","Buenavista","FP2 Grado Superior","811","336","475"
"2021-04-01","Buenavista","B.Superior.BUP,COU","1165","541","624"
"2021-04-01","Buenavista","Otras titulaciones medias","62","33","29"
"2021-04-01","Buenavista","Diplomados","702","508","194"
"2021-04-01","Buenavista","Arquitecto, Ingeniero Tec","228","62","166"
"2021-04-01","Buenavista","Licenciado Universitario","1501","923","578"
"2021-04-01","Buenavista","Estudios superiores no Un","38","14","24"
"2021-04-01","Buenavista","Doctorado Postgrado","385","235","150"
"2021-04-01","Centro","Menores de 16","4377","2156","2221"
"2021-04-01","Centro","No sabe leer ni escribir","138","94","44"
"2021-04-01","Centro","Sin Estudios","1711","1061","650"
"2021-04-01","Centro","Enseñanza Primaria incomp","4542","2594","1948"
"2021-04-01","Centro","Enseñanza Secundaria","7643","3865","3778"
"2021-04-01","Centro","FP1 Grado Medio","1630","698","932"
"2021-04-01","Centro","FP2 Grado Superior","1489","618","871"
"2021-04-01","Centro","B.Superior.BUP,COU","4273","2147","2126"
"2021-04-01","Centro","Otras titulaciones medias","462","305","157"
"2021-04-01","Centro","Diplomados","645","451","194"
"2021-04-01","Centro","Arquitecto, Ingeniero Tec","191","69","122"
"2021-04-01","Centro","Licenciado Universitario","3009","1737","1272"
"2021-04-01","Centro","Estudios superiores no Un","65","35","30"
"2021-04-01","Centro","Doctorado Postgrado","585","317","268"
"2021-04-01","Centro","Valor Desconocido","68","36","32"
"2021-04-01","El Bercial","Menores de 16","5248","2548","2700"
"2021-04-01","El Bercial","No sabe leer ni escribir","37","26","11"
"2021-04-01","El Bercial","Sin Estudios","472","291","181"
"2021-04-01","El Bercial","Enseñanza Primaria incomp","1324","698","626"
"2021-04-01","El Bercial","Enseñanza Secundaria","3424","1600","1824"
"2021-04-01","El Bercial","FP1 Grado Medio","974","438","536"
"2021-04-01","El Bercial","FP2 Grado Superior","1222","467","755"
"2021-04-01","El Bercial","B.Superior.BUP,COU","2401","1218","1183"
"2021-04-01","El Bercial","Otras titulaciones medias","178","105","73"
"2021-04-01","El Bercial","Diplomados","796","553","243"
"2021-04-01","El Bercial","Arquitecto, Ingeniero Tec","266","73","193"
"2021-04-01","El Bercial","Licenciado Universitario","2317","1340","977"
"2021-04-01","El Bercial","Estudios superiores no Un","60","25","35"
"2021-04-01","El Bercial","Doctorado Postgrado","488","276","212"
"2021-04-01","El Bercial","Valor Desconocido","13","3","10"
"2021-04-01","Getafe-Norte","Menores de 16","3190","1531","1659"
"2021-04-01","Getafe-Norte","No sabe leer ni escribir","68","39","29"
"2021-04-01","Getafe-Norte","Sin Estudios","624","363","261"
"2021-04-01","Getafe-Norte","Enseñanza Primaria incomp","1806","999","807"
"2021-04-01","Getafe-Norte","Enseñanza Secundaria","4250","2042","2208"
"2021-04-01","Getafe-Norte","FP1 Grado Medio","1229","567","662"
"2021-04-01","Getafe-Norte","FP2 Grado Superior","1397","588","809"
"2021-04-01","Getafe-Norte","B.Superior.BUP,COU","2804","1485","1319"
"2021-04-01","Getafe-Norte","Otras titulaciones medias","232","139","93"
"2021-04-01","Getafe-Norte","Diplomados","472","347","125"
"2021-04-01","Getafe-Norte","Arquitecto, Ingeniero Tec","128","32","96"
"2021-04-01","Getafe-Norte","Licenciado Universitario","2121","1186","935"
"2021-04-01","Getafe-Norte","Estudios superiores no Un","16","7","9"
"2021-04-01","Getafe-Norte","Doctorado Postgrado","388","221","167"
"2021-04-01","Getafe-Norte","Valor Desconocido","37","10","27"
"2021-04-01","Juan de la Cierva","Menores de 16","4076","1967","2109"
"2021-04-01","Juan de la Cierva","No sabe leer ni escribir","164","115","49"
"2021-04-01","Juan de la Cierva","Sin Estudios","2175","1337","838"
"2021-04-01","Juan de la Cierva","Enseñanza Primaria incomp","5214","2883","2331"
"2021-04-01","Juan de la Cierva","Enseñanza Secundaria","7620","3782","3838"
"2021-04-01","Juan de la Cierva","FP1 Grado Medio","1620","729","891"
"2021-04-01","Juan de la Cierva","FP2 Grado Superior","1251","515","736"
"2021-04-01","Juan de la Cierva","B.Superior.BUP,COU","3200","1654","1546"
"2021-04-01","Juan de la Cierva","Otras titulaciones medias","262","169","93"
"2021-04-01","Juan de la Cierva","Diplomados","377","270","107"
"2021-04-01","Juan de la Cierva","Arquitecto, Ingeniero Tec","117","27","90"
"2021-04-01","Juan de la Cierva","Licenciado Universitario","1611","951","660"
"2021-04-01","Juan de la Cierva","Estudios superiores no Un","40","22","18"
"2021-04-01","Juan de la Cierva","Doctorado Postgrado","304","172","132"
"2021-04-01","Juan de la Cierva","Valor Desconocido","70","29","41"
"2021-04-01","La Alhóndiga","Menores de 16","3875","1820","2055"
"2021-04-01","La Alhóndiga","No sabe leer ni escribir","123","93","30"
"2021-04-01","La Alhóndiga","Sin Estudios","1612","1005","607"
"2021-04-01","La Alhóndiga","Enseñanza Primaria incomp","3443","1870","1573"
"2021-04-01","La Alhóndiga","Enseñanza Secundaria","5452","2641","2811"
"2021-04-01","La Alhóndiga","FP1 Grado Medio","1233","572","661"
"2021-04-01","La Alhóndiga","FP2 Grado Superior","1149","487","662"
"2021-04-01","La Alhóndiga","B.Superior.BUP,COU","2758","1454","1304"
"2021-04-01","La Alhóndiga","Otras titulaciones medias","192","118","74"
"2021-04-01","La Alhóndiga","Diplomados","474","341","133"
"2021-04-01","La Alhóndiga","Arquitecto, Ingeniero Tec","155","43","112"
"2021-04-01","La Alhóndiga","Licenciado Universitario","1695","992","703"
"2021-04-01","La Alhóndiga","Estudios superiores no Un","43","17","26"
"2021-04-01","La Alhóndiga","Doctorado Postgrado","360","207","153"
"2021-04-01","La Alhóndiga","Valor Desconocido","26","10","16"
"2021-04-01","Las Margaritas","Menores de 16","1992","955","1037"
"2021-04-01","Las Margaritas","No sabe leer ni escribir","70","47","23"
"2021-04-01","Las Margaritas","Sin Estudios","812","499","313"
"2021-04-01","Las Margaritas","Enseñanza Primaria incomp","1589","862","727"
"2021-04-01","Las Margaritas","Enseñanza Secundaria","2861","1380","1481"
"2021-04-01","Las Margaritas","FP1 Grado Medio","548","261","287"
"2021-04-01","Las Margaritas","FP2 Grado Superior","472","181","291"
"2021-04-01","Las Margaritas","B.Superior.BUP,COU","1465","739","726"
"2021-04-01","Las Margaritas","Otras titulaciones medias","87","66","21"
"2021-04-01","Las Margaritas","Diplomados","242","172","70"
"2021-04-01","Las Margaritas","Arquitecto, Ingeniero Tec","84","26","58"
"2021-04-01","Las Margaritas","Licenciado Universitario","1094","646","448"
"2021-04-01","Las Margaritas","Estudios superiores no Un","33","18","15"
"2021-04-01","Las Margaritas","Doctorado Postgrado","252","140","112"
"2021-04-01","Las Margaritas","Valor Desconocido","19","15","4"
"2021-04-01","Los Molinos","Menores de 16","2973","1404","1569"
"2021-04-01","Los Molinos","No sabe leer ni escribir","2","2",
"2021-04-01","Los Molinos","Sin Estudios","65","30","35"
"2021-04-01","Los Molinos","Enseñanza Primaria incomp","259","123","136"
"2021-04-01","Los Molinos","Enseñanza Secundaria","1324","540","784"
"2021-04-01","Los Molinos","FP1 Grado Medio","746","308","438"
"2021-04-01","Los Molinos","FP2 Grado Superior","912","363","549"
"2021-04-01","Los Molinos","B.Superior.BUP,COU","1101","496","605"
"2021-04-01","Los Molinos","Otras titulaciones medias","90","54","36"
"2021-04-01","Los Molinos","Diplomados","680","494","186"
"2021-04-01","Los Molinos","Arquitecto, Ingeniero Tec","283","68","215"
"2021-04-01","Los Molinos","Licenciado Universitario","1607","971","636"
"2021-04-01","Los Molinos","Estudios superiores no Un","52","27","25"
"2021-04-01","Los Molinos","Doctorado Postgrado","412","254","158"
"2021-04-01","Perales del Rio","Menores de 16","2288","1068","1220"
"2021-04-01","Perales del Rio","No sabe leer ni escribir","40","25","15"
"2021-04-01","Perales del Rio","Sin Estudios","244","135","109"
"2021-04-01","Perales del Rio","Enseñanza Primaria incomp","890","449","441"
"2021-04-01","Perales del Rio","Enseñanza Secundaria","2168","1067","1101"
"2021-04-01","Perales del Rio","FP1 Grado Medio","596","283","313"
"2021-04-01","Perales del Rio","FP2 Grado Superior","670","282","388"
"2021-04-01","Perales del Rio","B.Superior.BUP,COU","1378","710","668"
"2021-04-01","Perales del Rio","Otras titulaciones medias","151","85","66"
"2021-04-01","Perales del Rio","Diplomados","335","240","95"
"2021-04-01","Perales del Rio","Arquitecto, Ingeniero Tec","88","24","64"
"2021-04-01","Perales del Rio","Licenciado Universitario","1081","637","444"
"2021-04-01","Perales del Rio","Estudios superiores no Un","36","20","16"
"2021-04-01","Perales del Rio","Doctorado Postgrado","228","128","100"
"2021-04-01","Perales del Rio","Valor Desconocido","15","8","7"
"2021-04-01","San Isidro","Menores de 16","1276","588","688"
"2021-04-01","San Isidro","No sabe leer ni escribir","166","91","75"
"2021-04-01","San Isidro","Sin Estudios","739","442","297"
"2021-04-01","San Isidro","Enseñanza Primaria incomp","1577","846","731"
"2021-04-01","San Isidro","Enseñanza Secundaria","2329","1105","1224"
"2021-04-01","San Isidro","FP1 Grado Medio","463","202","261"
"2021-04-01","San Isidro","FP2 Grado Superior","449","192","257"
"2021-04-01","San Isidro","B.Superior.BUP,COU","936","502","434"
"2021-04-01","San Isidro","Otras titulaciones medias","69","40","29"
"2021-04-01","San Isidro","Diplomados","121","87","34"
"2021-04-01","San Isidro","Arquitecto, Ingeniero Tec","51","12","39"
"2021-04-01","San Isidro","Licenciado Universitario","461","274","187"
"2021-04-01","San Isidro","Estudios superiores no Un","9","5","4"
"2021-04-01","San Isidro","Doctorado Postgrado","76","42","34"
"2021-04-01","San Isidro","Valor Desconocido","13","9","4"
"2021-04-01","Sector III","Menores de 16","2661","1271","1390"
"2021-04-01","Sector III","No sabe leer ni escribir","105","49","56"
"2021-04-01","Sector III","Sin Estudios","796","519","277"
"2021-04-01","Sector III","Enseñanza Primaria incomp","2798","1569","1229"
"2021-04-01","Sector III","Enseñanza Secundaria","4238","2140","2098"
"2021-04-01","Sector III","FP1 Grado Medio","1184","513","671"
"2021-04-01","Sector III","FP2 Grado Superior","1243","413","830"
"2021-04-01","Sector III","B.Superior.BUP,COU","2694","1321","1373"
"2021-04-01","Sector III","Otras titulaciones medias","546","321","225"
"2021-04-01","Sector III","Diplomados","531","397","134"
"2021-04-01","Sector III","Arquitecto, Ingeniero Tec","182","59","123"
"2021-04-01","Sector III","Licenciado Universitario","2593","1340","1253"
"2021-04-01","Sector III","Estudios superiores no Un","26","5","21"
"2021-04-01","Sector III","Doctorado Postgrado","475","263","212"
"2021-04-01","Sector III","Valor Desconocido","80","28","52"
"2021-05-01","Buenavista","Menores de 16","2957","1388","1569"
"2021-05-01","Buenavista","No sabe leer ni escribir","1","1",
"2021-05-01","Buenavista","Sin Estudios","56","33","23"
"2021-05-01","Buenavista","Enseñanza Primaria incomp","241","110","131"
"2021-05-01","Buenavista","Enseñanza Secundaria","1368","541","827"
"2021-05-01","Buenavista","FP1 Grado Medio","774","327","447"
"2021-05-01","Buenavista","FP2 Grado Superior","812","335","477"
"2021-05-01","Buenavista","B.Superior.BUP,COU","1173","547","626"
"2021-05-01","Buenavista","Otras titulaciones medias","62","32","30"
"2021-05-01","Buenavista","Diplomados","701","507","194"
"2021-05-01","Buenavista","Arquitecto, Ingeniero Tec","228","64","164"
"2021-05-01","Buenavista","Licenciado Universitario","1499","920","579"
"2021-05-01","Buenavista","Estudios superiores no Un","38","14","24"
"2021-05-01","Buenavista","Doctorado Postgrado","387","235","152"
"2021-05-01","Buenavista","Valor Desconocido","2","1","1"
"2021-05-01","Centro","Menores de 16","4404","2171","2233"
"2021-05-01","Centro","No sabe leer ni escribir","139","94","45"
"2021-05-01","Centro","Sin Estudios","1709","1061","648"
"2021-05-01","Centro","Enseñanza Primaria incomp","4539","2597","1942"
"2021-05-01","Centro","Enseñanza Secundaria","7648","3867","3781"
"2021-05-01","Centro","FP1 Grado Medio","1620","696","924"
"2021-05-01","Centro","FP2 Grado Superior","1486","616","870"
"2021-05-01","Centro","B.Superior.BUP,COU","4261","2141","2120"
"2021-05-01","Centro","Otras titulaciones medias","462","304","158"
"2021-05-01","Centro","Diplomados","646","450","196"
"2021-05-01","Centro","Arquitecto, Ingeniero Tec","189","67","122"
"2021-05-01","Centro","Licenciado Universitario","3007","1739","1268"
"2021-05-01","Centro","Estudios superiores no Un","64","34","30"
"2021-05-01","Centro","Doctorado Postgrado","591","319","272"
"2021-05-01","Centro","Valor Desconocido","69","37","32"
"2021-05-01","El Bercial","Menores de 16","5253","2545","2708"
"2021-05-01","El Bercial","No sabe leer ni escribir","34","24","10"
"2021-05-01","El Bercial","Sin Estudios","473","293","180"
"2021-05-01","El Bercial","Enseñanza Primaria incomp","1321","697","624"
"2021-05-01","El Bercial","Enseñanza Secundaria","3419","1593","1826"
"2021-05-01","El Bercial","FP1 Grado Medio","972","437","535"
"2021-05-01","El Bercial","FP2 Grado Superior","1225","469","756"
"2021-05-01","El Bercial","B.Superior.BUP,COU","2397","1217","1180"
"2021-05-01","El Bercial","Otras titulaciones medias","181","108","73"
"2021-05-01","El Bercial","Diplomados","800","552","248"
"2021-05-01","El Bercial","Arquitecto, Ingeniero Tec","266","73","193"
"2021-05-01","El Bercial","Licenciado Universitario","2324","1341","983"
"2021-05-01","El Bercial","Estudios superiores no Un","61","26","35"
"2021-05-01","El Bercial","Doctorado Postgrado","490","279","211"
"2021-05-01","El Bercial","Valor Desconocido","13","3","10"
"2021-05-01","Getafe-Norte","Menores de 16","3190","1533","1657"
"2021-05-01","Getafe-Norte","No sabe leer ni escribir","65","37","28"
"2021-05-01","Getafe-Norte","Sin Estudios","622","361","261"
"2021-05-01","Getafe-Norte","Enseñanza Primaria incomp","1803","1001","802"
"2021-05-01","Getafe-Norte","Enseñanza Secundaria","4252","2046","2206"
"2021-05-01","Getafe-Norte","FP1 Grado Medio","1227","567","660"
"2021-05-01","Getafe-Norte","FP2 Grado Superior","1394","586","808"
"2021-05-01","Getafe-Norte","B.Superior.BUP,COU","2809","1482","1327"
"2021-05-01","Getafe-Norte","Otras titulaciones medias","233","140","93"
"2021-05-01","Getafe-Norte","Diplomados","471","346","125"
"2021-05-01","Getafe-Norte","Arquitecto, Ingeniero Tec","126","32","94"
"2021-05-01","Getafe-Norte","Licenciado Universitario","2110","1180","930"
"2021-05-01","Getafe-Norte","Estudios superiores no Un","17","8","9"
"2021-05-01","Getafe-Norte","Doctorado Postgrado","391","223","168"
"2021-05-01","Getafe-Norte","Valor Desconocido","37","10","27"
"2021-05-01","Juan de la Cierva","Menores de 16","4073","1967","2106"
"2021-05-01","Juan de la Cierva","No sabe leer ni escribir","162","113","49"
"2021-05-01","Juan de la Cierva","Sin Estudios","2163","1330","833"
"2021-05-01","Juan de la Cierva","Enseñanza Primaria incomp","5191","2873","2318"
"2021-05-01","Juan de la Cierva","Enseñanza Secundaria","7620","3779","3841"
"2021-05-01","Juan de la Cierva","FP1 Grado Medio","1620","728","892"
"2021-05-01","Juan de la Cierva","FP2 Grado Superior","1250","514","736"
"2021-05-01","Juan de la Cierva","B.Superior.BUP,COU","3191","1648","1543"
"2021-05-01","Juan de la Cierva","Otras titulaciones medias","264","171","93"
"2021-05-01","Juan de la Cierva","Diplomados","376","268","108"
"2021-05-01","Juan de la Cierva","Arquitecto, Ingeniero Tec","114","26","88"
"2021-05-01","Juan de la Cierva","Licenciado Universitario","1604","948","656"
"2021-05-01","Juan de la Cierva","Estudios superiores no Un","41","23","18"
"2021-05-01","Juan de la Cierva","Doctorado Postgrado","302","172","130"
"2021-05-01","Juan de la Cierva","Valor Desconocido","69","29","40"
"2021-05-01","La Alhóndiga","Menores de 16","3876","1819","2057"
"2021-05-01","La Alhóndiga","No sabe leer ni escribir","120","91","29"
"2021-05-01","La Alhóndiga","Sin Estudios","1604","1002","602"
"2021-05-01","La Alhóndiga","Enseñanza Primaria incomp","3420","1859","1561"
"2021-05-01","La Alhóndiga","Enseñanza Secundaria","5452","2637","2815"
"2021-05-01","La Alhóndiga","FP1 Grado Medio","1230","570","660"
"2021-05-01","La Alhóndiga","FP2 Grado Superior","1155","488","667"
"2021-05-01","La Alhóndiga","B.Superior.BUP,COU","2749","1443","1306"
"2021-05-01","La Alhóndiga","Otras titulaciones medias","192","118","74"
"2021-05-01","La Alhóndiga","Diplomados","474","341","133"
"2021-05-01","La Alhóndiga","Arquitecto, Ingeniero Tec","156","44","112"
"2021-05-01","La Alhóndiga","Licenciado Universitario","1695","993","702"
"2021-05-01","La Alhóndiga","Estudios superiores no Un","44","18","26"
"2021-05-01","La Alhóndiga","Doctorado Postgrado","357","206","151"
"2021-05-01","La Alhóndiga","Valor Desconocido","26","10","16"
"2021-05-01","Las Margaritas","Menores de 16","2007","963","1044"
"2021-05-01","Las Margaritas","No sabe leer ni escribir","69","46","23"
"2021-05-01","Las Margaritas","Sin Estudios","807","497","310"
"2021-05-01","Las Margaritas","Enseñanza Primaria incomp","1583","860","723"
"2021-05-01","Las Margaritas","Enseñanza Secundaria","2859","1382","1477"
"2021-05-01","Las Margaritas","FP1 Grado Medio","553","263","290"
"2021-05-01","Las Margaritas","FP2 Grado Superior","476","184","292"
"2021-05-01","Las Margaritas","B.Superior.BUP,COU","1469","743","726"
"2021-05-01","Las Margaritas","Otras titulaciones medias","88","66","22"
"2021-05-01","Las Margaritas","Diplomados","245","173","72"
"2021-05-01","Las Margaritas","Arquitecto, Ingeniero Tec","85","26","59"
"2021-05-01","Las Margaritas","Licenciado Universitario","1092","650","442"
"2021-05-01","Las Margaritas","Estudios superiores no Un","34","19","15"
"2021-05-01","Las Margaritas","Doctorado Postgrado","259","143","116"
"2021-05-01","Las Margaritas","Valor Desconocido","18","15","3"
"2021-05-01","Los Molinos","Menores de 16","3006","1420","1586"
"2021-05-01","Los Molinos","No sabe leer ni escribir","2","2",
"2021-05-01","Los Molinos","Sin Estudios","65","30","35"
"2021-05-01","Los Molinos","Enseñanza Primaria incomp","267","125","142"
"2021-05-01","Los Molinos","Enseñanza Secundaria","1323","540","783"
"2021-05-01","Los Molinos","FP1 Grado Medio","748","310","438"
"2021-05-01","Los Molinos","FP2 Grado Superior","915","363","552"
"2021-05-01","Los Molinos","B.Superior.BUP,COU","1094","494","600"
"2021-05-01","Los Molinos","Otras titulaciones medias","91","55","36"
"2021-05-01","Los Molinos","Diplomados","680","495","185"
"2021-05-01","Los Molinos","Arquitecto, Ingeniero Tec","284","68","216"
"2021-05-01","Los Molinos","Licenciado Universitario","1616","974","642"
"2021-05-01","Los Molinos","Estudios superiores no Un","52","27","25"
"2021-05-01","Los Molinos","Doctorado Postgrado","414","257","157"
"2021-05-01","Perales del Rio","Menores de 16","2320","1082","1238"
"2021-05-01","Perales del Rio","No sabe leer ni escribir","40","25","15"
"2021-05-01","Perales del Rio","Sin Estudios","243","134","109"
"2021-05-01","Perales del Rio","Enseñanza Primaria incomp","894","453","441"
"2021-05-01","Perales del Rio","Enseñanza Secundaria","2178","1072","1106"
"2021-05-01","Perales del Rio","FP1 Grado Medio","594","283","311"
"2021-05-01","Perales del Rio","FP2 Grado Superior","676","282","394"
"2021-05-01","Perales del Rio","B.Superior.BUP,COU","1388","718","670"
"2021-05-01","Perales del Rio","Otras titulaciones medias","150","84","66"
"2021-05-01","Perales del Rio","Diplomados","335","240","95"
"2021-05-01","Perales del Rio","Arquitecto, Ingeniero Tec","88","24","64"
"2021-05-01","Perales del Rio","Licenciado Universitario","1087","642","445"
"2021-05-01","Perales del Rio","Estudios superiores no Un","37","21","16"
"2021-05-01","Perales del Rio","Doctorado Postgrado","229","127","102"
"2021-05-01","Perales del Rio","Valor Desconocido","15","8","7"
"2021-05-01","San Isidro","Menores de 16","1282","594","688"
"2021-05-01","San Isidro","No sabe leer ni escribir","164","90","74"
"2021-05-01","San Isidro","Sin Estudios","737","441","296"
"2021-05-01","San Isidro","Enseñanza Primaria incomp","1581","849","732"
"2021-05-01","San Isidro","Enseñanza Secundaria","2321","1102","1219"
"2021-05-01","San Isidro","FP1 Grado Medio","464","203","261"
"2021-05-01","San Isidro","FP2 Grado Superior","443","189","254"
"2021-05-01","San Isidro","B.Superior.BUP,COU","936","502","434"
"2021-05-01","San Isidro","Otras titulaciones medias","68","40","28"
"2021-05-01","San Isidro","Diplomados","122","88","34"
"2021-05-01","San Isidro","Arquitecto, Ingeniero Tec","51","12","39"
"2021-05-01","San Isidro","Licenciado Universitario","461","271","190"
"2021-05-01","San Isidro","Estudios superiores no Un","10","6","4"
"2021-05-01","San Isidro","Doctorado Postgrado","73","40","33"
"2021-05-01","San Isidro","Valor Desconocido","13","9","4"
"2021-05-01","Sector III","Menores de 16","2689","1290","1399"
"2021-05-01","Sector III","No sabe leer ni escribir","103","48","55"
"2021-05-01","Sector III","Sin Estudios","789","515","274"
"2021-05-01","Sector III","Enseñanza Primaria incomp","2787","1565","1222"
"2021-05-01","Sector III","Enseñanza Secundaria","4225","2132","2093"
"2021-05-01","Sector III","FP1 Grado Medio","1181","513","668"
"2021-05-01","Sector III","FP2 Grado Superior","1248","418","830"
"2021-05-01","Sector III","B.Superior.BUP,COU","2690","1322","1368"
"2021-05-01","Sector III","Otras titulaciones medias","543","319","224"
"2021-05-01","Sector III","Diplomados","533","399","134"
"2021-05-01","Sector III","Arquitecto, Ingeniero Tec","185","61","124"
"2021-05-01","Sector III","Licenciado Universitario","2594","1340","1254"
"2021-05-01","Sector III","Estudios superiores no Un","26","5","21"
"2021-05-01","Sector III","Doctorado Postgrado","478","264","214"
"2021-05-01","Sector III","Valor Desconocido","79","27","52"
"2021-06-01","Buenavista","Menores de 16","2951","1383","1568"
"2021-06-01","Buenavista","No sabe leer ni escribir","1","1",
"2021-06-01","Buenavista","Sin Estudios","56","32","24"
"2021-06-01","Buenavista","Enseñanza Primaria incomp","244","112","132"
"2021-06-01","Buenavista","Enseñanza Secundaria","1382","552","830"
"2021-06-01","Buenavista","FP1 Grado Medio","775","328","447"
"2021-06-01","Buenavista","FP2 Grado Superior","817","336","481"
"2021-06-01","Buenavista","B.Superior.BUP,COU","1182","553","629"
"2021-06-01","Buenavista","Otras titulaciones medias","63","34","29"
"2021-06-01","Buenavista","Diplomados","700","507","193"
"2021-06-01","Buenavista","Arquitecto, Ingeniero Tec","228","63","165"
"2021-06-01","Buenavista","Licenciado Universitario","1500","921","579"
"2021-06-01","Buenavista","Estudios superiores no Un","39","14","25"
"2021-06-01","Buenavista","Doctorado Postgrado","404","247","157"
"2021-06-01","Buenavista","Valor Desconocido","1",,"1"
"2021-06-01","Centro","Menores de 16","4208","2065","2143"
"2021-06-01","Centro","No sabe leer ni escribir","138","94","44"
"2021-06-01","Centro","Sin Estudios","1694","1057","637"
"2021-06-01","Centro","Enseñanza Primaria incomp","4513","2587","1926"
"2021-06-01","Centro","Enseñanza Secundaria","7674","3874","3800"
"2021-06-01","Centro","FP1 Grado Medio","1630","702","928"
"2021-06-01","Centro","FP2 Grado Superior","1511","626","885"
"2021-06-01","Centro","B.Superior.BUP,COU","4341","2184","2157"
"2021-06-01","Centro","Otras titulaciones medias","463","303","160"
"2021-06-01","Centro","Diplomados","640","447","193"
"2021-06-01","Centro","Arquitecto, Ingeniero Tec","189","68","121"
"2021-06-01","Centro","Licenciado Universitario","3020","1741","1279"
"2021-06-01","Centro","Estudios superiores no Un","64","34","30"
"2021-06-01","Centro","Doctorado Postgrado","617","338","279"
"2021-06-01","Centro","Valor Desconocido","66","34","32"
"2021-06-01","El Bercial","Menores de 16","5111","2463","2648"
"2021-06-01","El Bercial","No sabe leer ni escribir","34","24","10"
"2021-06-01","El Bercial","Sin Estudios","471","290","181"
"2021-06-01","El Bercial","Enseñanza Primaria incomp","1313","694","619"
"2021-06-01","El Bercial","Enseñanza Secundaria","3483","1625","1858"
"2021-06-01","El Bercial","FP1 Grado Medio","976","439","537"
"2021-06-01","El Bercial","FP2 Grado Superior","1253","477","776"
"2021-06-01","El Bercial","B.Superior.BUP,COU","2438","1242","1196"
"2021-06-01","El Bercial","Otras titulaciones medias","180","107","73"
"2021-06-01","El Bercial","Diplomados","797","551","246"
"2021-06-01","El Bercial","Arquitecto, Ingeniero Tec","263","73","190"
"2021-06-01","El Bercial","Licenciado Universitario","2336","1352","984"
"2021-06-01","El Bercial","Estudios superiores no Un","61","26","35"
"2021-06-01","El Bercial","Doctorado Postgrado","504","287","217"
"2021-06-01","El Bercial","Valor Desconocido","14","4","10"
"2021-06-01","Getafe-Norte","Menores de 16","2864","1365","1499"
"2021-06-01","Getafe-Norte","No sabe leer ni escribir","65","37","28"
"2021-06-01","Getafe-Norte","Sin Estudios","613","357","256"
"2021-06-01","Getafe-Norte","Enseñanza Primaria incomp","1801","1001","800"
"2021-06-01","Getafe-Norte","Enseñanza Secundaria","4292","2054","2238"
"2021-06-01","Getafe-Norte","FP1 Grado Medio","1258","582","676"
"2021-06-01","Getafe-Norte","FP2 Grado Superior","1417","592","825"
"2021-06-01","Getafe-Norte","B.Superior.BUP,COU","3009","1598","1411"
"2021-06-01","Getafe-Norte","Otras titulaciones medias","233","140","93"
"2021-06-01","Getafe-Norte","Diplomados","472","348","124"
"2021-06-01","Getafe-Norte","Arquitecto, Ingeniero Tec","126","32","94"
"2021-06-01","Getafe-Norte","Licenciado Universitario","2134","1189","945"
"2021-06-01","Getafe-Norte","Estudios superiores no Un","17","8","9"
"2021-06-01","Getafe-Norte","Doctorado Postgrado","412","236","176"
"2021-06-01","Getafe-Norte","Valor Desconocido","36","10","26"
"2021-06-01","Juan de la Cierva","Menores de 16","3894","1874","2020"
"2021-06-01","Juan de la Cierva","No sabe leer ni escribir","159","112","47"
"2021-06-01","Juan de la Cierva","Sin Estudios","2152","1324","828"
"2021-06-01","Juan de la Cierva","Enseñanza Primaria incomp","5168","2862","2306"
"2021-06-01","Juan de la Cierva","Enseñanza Secundaria","7623","3787","3836"
"2021-06-01","Juan de la Cierva","FP1 Grado Medio","1633","735","898"
"2021-06-01","Juan de la Cierva","FP2 Grado Superior","1274","526","748"
"2021-06-01","Juan de la Cierva","B.Superior.BUP,COU","3279","1690","1589"
"2021-06-01","Juan de la Cierva","Otras titulaciones medias","266","173","93"
"2021-06-01","Juan de la Cierva","Diplomados","378","269","109"
"2021-06-01","Juan de la Cierva","Arquitecto, Ingeniero Tec","113","26","87"
"2021-06-01","Juan de la Cierva","Licenciado Universitario","1616","956","660"
"2021-06-01","Juan de la Cierva","Estudios superiores no Un","40","22","18"
"2021-06-01","Juan de la Cierva","Doctorado Postgrado","316","184","132"
"2021-06-01","Juan de la Cierva","Valor Desconocido","70","28","42"
"2021-06-01","La Alhóndiga","Menores de 16","3733","1742","1991"
"2021-06-01","La Alhóndiga","No sabe leer ni escribir","120","91","29"
"2021-06-01","La Alhóndiga","Sin Estudios","1599","996","603"
"2021-06-01","La Alhóndiga","Enseñanza Primaria incomp","3414","1859","1555"
"2021-06-01","La Alhóndiga","Enseñanza Secundaria","5475","2649","2826"
"2021-06-01","La Alhóndiga","FP1 Grado Medio","1239","573","666"
"2021-06-01","La Alhóndiga","FP2 Grado Superior","1168","487","681"
"2021-06-01","La Alhóndiga","B.Superior.BUP,COU","2815","1483","1332"
"2021-06-01","La Alhóndiga","Otras titulaciones medias","193","119","74"
"2021-06-01","La Alhóndiga","Diplomados","475","343","132"
"2021-06-01","La Alhóndiga","Arquitecto, Ingeniero Tec","153","43","110"
"2021-06-01","La Alhóndiga","Licenciado Universitario","1727","1011","716"
"2021-06-01","La Alhóndiga","Estudios superiores no Un","43","18","25"
"2021-06-01","La Alhóndiga","Doctorado Postgrado","366","210","156"
"2021-06-01","La Alhóndiga","Valor Desconocido","28","11","17"
"2021-06-01","Las Margaritas","Menores de 16","1968","939","1029"
"2021-06-01","Las Margaritas","No sabe leer ni escribir","69","46","23"
"2021-06-01","Las Margaritas","Sin Estudios","797","493","304"
"2021-06-01","Las Margaritas","Enseñanza Primaria incomp","1577","862","715"
"2021-06-01","Las Margaritas","Enseñanza Secundaria","2870","1387","1483"
"2021-06-01","Las Margaritas","FP1 Grado Medio","556","267","289"
"2021-06-01","Las Margaritas","FP2 Grado Superior","489","186","303"
"2021-06-01","Las Margaritas","B.Superior.BUP,COU","1490","756","734"
"2021-06-01","Las Margaritas","Otras titulaciones medias","87","65","22"
"2021-06-01","Las Margaritas","Diplomados","246","174","72"
"2021-06-01","Las Margaritas","Arquitecto, Ingeniero Tec","85","25","60"
"2021-06-01","Las Margaritas","Licenciado Universitario","1105","659","446"
"2021-06-01","Las Margaritas","Estudios superiores no Un","34","19","15"
"2021-06-01","Las Margaritas","Doctorado Postgrado","268","149","119"
"2021-06-01","Las Margaritas","Valor Desconocido","18","15","3"
"2021-06-01","Los Molinos","Menores de 16","2998","1416","1582"
"2021-06-01","Los Molinos","No sabe leer ni escribir","2","2",
"2021-06-01","Los Molinos","Sin Estudios","66","31","35"
"2021-06-01","Los Molinos","Enseñanza Primaria incomp","265","124","141"
"2021-06-01","Los Molinos","Enseñanza Secundaria","1331","540","791"
"2021-06-01","Los Molinos","FP1 Grado Medio","750","309","441"
"2021-06-01","Los Molinos","FP2 Grado Superior","915","365","550"
"2021-06-01","Los Molinos","B.Superior.BUP,COU","1092","497","595"
"2021-06-01","Los Molinos","Otras titulaciones medias","91","55","36"
"2021-06-01","Los Molinos","Diplomados","674","490","184"
"2021-06-01","Los Molinos","Arquitecto, Ingeniero Tec","282","68","214"
"2021-06-01","Los Molinos","Licenciado Universitario","1622","972","650"
"2021-06-01","Los Molinos","Estudios superiores no Un","52","27","25"
"2021-06-01","Los Molinos","Doctorado Postgrado","427","265","162"
"2021-06-01","Perales del Rio","Menores de 16","2244","1046","1198"
"2021-06-01","Perales del Rio","No sabe leer ni escribir","40","25","15"
"2021-06-01","Perales del Rio","Sin Estudios","242","134","108"
"2021-06-01","Perales del Rio","Enseñanza Primaria incomp","891","450","441"
"2021-06-01","Perales del Rio","Enseñanza Secundaria","2213","1085","1128"
"2021-06-01","Perales del Rio","FP1 Grado Medio","595","284","311"
"2021-06-01","Perales del Rio","FP2 Grado Superior","674","283","391"
"2021-06-01","Perales del Rio","B.Superior.BUP,COU","1417","727","690"
"2021-06-01","Perales del Rio","Otras titulaciones medias","150","84","66"
"2021-06-01","Perales del Rio","Diplomados","331","238","93"
"2021-06-01","Perales del Rio","Arquitecto, Ingeniero Tec","90","24","66"
"2021-06-01","Perales del Rio","Licenciado Universitario","1107","649","458"
"2021-06-01","Perales del Rio","Estudios superiores no Un","38","22","16"
"2021-06-01","Perales del Rio","Doctorado Postgrado","236","132","104"
"2021-06-01","Perales del Rio","Valor Desconocido","15","8","7"
"2021-06-01","San Isidro","Menores de 16","1243","569","674"
"2021-06-01","San Isidro","No sabe leer ni escribir","162","89","73"
"2021-06-01","San Isidro","Sin Estudios","731","437","294"
"2021-06-01","San Isidro","Enseñanza Primaria incomp","1574","844","730"
"2021-06-01","San Isidro","Enseñanza Secundaria","2313","1106","1207"
"2021-06-01","San Isidro","FP1 Grado Medio","469","205","264"
"2021-06-01","San Isidro","FP2 Grado Superior","445","188","257"
"2021-06-01","San Isidro","B.Superior.BUP,COU","958","515","443"
"2021-06-01","San Isidro","Otras titulaciones medias","68","40","28"
"2021-06-01","San Isidro","Diplomados","126","92","34"
"2021-06-01","San Isidro","Arquitecto, Ingeniero Tec","51","12","39"
"2021-06-01","San Isidro","Licenciado Universitario","460","270","190"
"2021-06-01","San Isidro","Estudios superiores no Un","10","6","4"
"2021-06-01","San Isidro","Doctorado Postgrado","81","46","35"
"2021-06-01","San Isidro","Valor Desconocido","13","9","4"
"2021-06-01","Sector III","Menores de 16","2511","1198","1313"
"2021-06-01","Sector III","No sabe leer ni escribir","102","48","54"
"2021-06-01","Sector III","Sin Estudios","783","510","273"
"2021-06-01","Sector III","Enseñanza Primaria incomp","2779","1561","1218"
"2021-06-01","Sector III","Enseñanza Secundaria","4200","2110","2090"
"2021-06-01","Sector III","FP1 Grado Medio","1189","517","672"
"2021-06-01","Sector III","FP2 Grado Superior","1252","423","829"
"2021-06-01","Sector III","B.Superior.BUP,COU","2819","1393","1426"
"2021-06-01","Sector III","Otras titulaciones medias","541","318","223"
"2021-06-01","Sector III","Diplomados","526","393","133"
"2021-06-01","Sector III","Arquitecto, Ingeniero Tec","186","61","125"
"2021-06-01","Sector III","Licenciado Universitario","2596","1336","1260"
"2021-06-01","Sector III","Estudios superiores no Un","25","5","20"
"2021-06-01","Sector III","Doctorado Postgrado","505","282","223"
"2021-06-01","Sector III","Valor Desconocido","80","28","52"
"2021-07-01","Buenavista","Menores de 16","2978","1393","1585"
"2021-07-01","Buenavista","No sabe leer ni escribir","1","1",
"2021-07-01","Buenavista","Sin Estudios","56","32","24"
"2021-07-01","Buenavista","Enseñanza Primaria incomp","243","111","132"
"2021-07-01","Buenavista","Enseñanza Secundaria","1387","554","833"
"2021-07-01","Buenavista","FP1 Grado Medio","785","332","453"
"2021-07-01","Buenavista","FP2 Grado Superior","822","339","483"
"2021-07-01","Buenavista","B.Superior.BUP,COU","1192","560","632"
"2021-07-01","Buenavista","Otras titulaciones medias","64","33","31"
"2021-07-01","Buenavista","Diplomados","697","505","192"
"2021-07-01","Buenavista","Arquitecto, Ingeniero Tec","228","63","165"
"2021-07-01","Buenavista","Licenciado Universitario","1512","930","582"
"2021-07-01","Buenavista","Estudios superiores no Un","40","14","26"
"2021-07-01","Buenavista","Doctorado Postgrado","409","249","160"
"2021-07-01","Buenavista","Valor Desconocido","1",,"1"
"2021-07-01","Centro","Menores de 16","4210","2063","2147"
"2021-07-01","Centro","No sabe leer ni escribir","136","92","44"
"2021-07-01","Centro","Sin Estudios","1683","1051","632"
"2021-07-01","Centro","Enseñanza Primaria incomp","4510","2581","1929"
"2021-07-01","Centro","Enseñanza Secundaria","7685","3865","3820"
"2021-07-01","Centro","FP1 Grado Medio","1624","703","921"
"2021-07-01","Centro","FP2 Grado Superior","1508","626","882"
"2021-07-01","Centro","B.Superior.BUP,COU","4353","2187","2166"
"2021-07-01","Centro","Otras titulaciones medias","466","306","160"
"2021-07-01","Centro","Diplomados","639","447","192"
"2021-07-01","Centro","Arquitecto, Ingeniero Tec","191","69","122"
"2021-07-01","Centro","Licenciado Universitario","3020","1742","1278"
"2021-07-01","Centro","Estudios superiores no Un","64","34","30"
"2021-07-01","Centro","Doctorado Postgrado","614","334","280"
"2021-07-01","Centro","Valor Desconocido","66","34","32"
"2021-07-01","El Bercial","Menores de 16","5123","2467","2656"
"2021-07-01","El Bercial","No sabe leer ni escribir","34","24","10"
"2021-07-01","El Bercial","Sin Estudios","469","289","180"
"2021-07-01","El Bercial","Enseñanza Primaria incomp","1314","695","619"
"2021-07-01","El Bercial","Enseñanza Secundaria","3481","1625","1856"
"2021-07-01","El Bercial","FP1 Grado Medio","974","438","536"
"2021-07-01","El Bercial","FP2 Grado Superior","1257","479","778"
"2021-07-01","El Bercial","B.Superior.BUP,COU","2433","1240","1193"
"2021-07-01","El Bercial","Otras titulaciones medias","182","109","73"
"2021-07-01","El Bercial","Diplomados","803","557","246"
"2021-07-01","El Bercial","Arquitecto, Ingeniero Tec","263","72","191"
"2021-07-01","El Bercial","Licenciado Universitario","2346","1365","981"
"2021-07-01","El Bercial","Estudios superiores no Un","62","27","35"
"2021-07-01","El Bercial","Doctorado Postgrado","502","286","216"
"2021-07-01","El Bercial","Valor Desconocido","14","4","10"
"2021-07-01","Getafe-Norte","Menores de 16","2863","1364","1499"
"2021-07-01","Getafe-Norte","No sabe leer ni escribir","66","38","28"
"2021-07-01","Getafe-Norte","Sin Estudios","610","357","253"
"2021-07-01","Getafe-Norte","Enseñanza Primaria incomp","1799","999","800"
"2021-07-01","Getafe-Norte","Enseñanza Secundaria","4284","2050","2234"
"2021-07-01","Getafe-Norte","FP1 Grado Medio","1256","581","675"
"2021-07-01","Getafe-Norte","FP2 Grado Superior","1417","594","823"
"2021-07-01","Getafe-Norte","B.Superior.BUP,COU","3009","1602","1407"
"2021-07-01","Getafe-Norte","Otras titulaciones medias","232","139","93"
"2021-07-01","Getafe-Norte","Diplomados","474","350","124"
"2021-07-01","Getafe-Norte","Arquitecto, Ingeniero Tec","127","32","95"
"2021-07-01","Getafe-Norte","Licenciado Universitario","2127","1185","942"
"2021-07-01","Getafe-Norte","Estudios superiores no Un","18","9","9"
"2021-07-01","Getafe-Norte","Doctorado Postgrado","413","235","178"
"2021-07-01","Getafe-Norte","Valor Desconocido","35","10","25"
"2021-07-01","Juan de la Cierva","Menores de 16","3905","1877","2028"
"2021-07-01","Juan de la Cierva","No sabe leer ni escribir","158","111","47"
"2021-07-01","Juan de la Cierva","Sin Estudios","2144","1320","824"
"2021-07-01","Juan de la Cierva","Enseñanza Primaria incomp","5148","2853","2295"
"2021-07-01","Juan de la Cierva","Enseñanza Secundaria","7642","3798","3844"
"2021-07-01","Juan de la Cierva","FP1 Grado Medio","1639","739","900"
"2021-07-01","Juan de la Cierva","FP2 Grado Superior","1272","521","751"
"2021-07-01","Juan de la Cierva","B.Superior.BUP,COU","3282","1686","1596"
"2021-07-01","Juan de la Cierva","Otras titulaciones medias","266","174","92"
"2021-07-01","Juan de la Cierva","Diplomados","380","268","112"
"2021-07-01","Juan de la Cierva","Arquitecto, Ingeniero Tec","112","24","88"
"2021-07-01","Juan de la Cierva","Licenciado Universitario","1619","957","662"
"2021-07-01","Juan de la Cierva","Estudios superiores no Un","42","23","19"
"2021-07-01","Juan de la Cierva","Doctorado Postgrado","314","184","130"
"2021-07-01","Juan de la Cierva","Valor Desconocido","67","28","39"
"2021-07-01","La Alhóndiga","Menores de 16","3737","1750","1987"
"2021-07-01","La Alhóndiga","No sabe leer ni escribir","119","90","29"
"2021-07-01","La Alhóndiga","Sin Estudios","1596","994","602"
"2021-07-01","La Alhóndiga","Enseñanza Primaria incomp","3407","1857","1550"
"2021-07-01","La Alhóndiga","Enseñanza Secundaria","5486","2658","2828"
"2021-07-01","La Alhóndiga","FP1 Grado Medio","1238","570","668"
"2021-07-01","La Alhóndiga","FP2 Grado Superior","1174","491","683"
"2021-07-01","La Alhóndiga","B.Superior.BUP,COU","2824","1486","1338"
"2021-07-01","La Alhóndiga","Otras titulaciones medias","192","119","73"
"2021-07-01","La Alhóndiga","Diplomados","475","343","132"
"2021-07-01","La Alhóndiga","Arquitecto, Ingeniero Tec","154","43","111"
"2021-07-01","La Alhóndiga","Licenciado Universitario","1731","1012","719"
"2021-07-01","La Alhóndiga","Estudios superiores no Un","43","18","25"
"2021-07-01","La Alhóndiga","Doctorado Postgrado","372","213","159"
"2021-07-01","La Alhóndiga","Valor Desconocido","28","11","17"
"2021-07-01","Las Margaritas","Menores de 16","1971","935","1036"
"2021-07-01","Las Margaritas","No sabe leer ni escribir","69","46","23"
"2021-07-01","Las Margaritas","Sin Estudios","790","490","300"
"2021-07-01","Las Margaritas","Enseñanza Primaria incomp","1571","856","715"
"2021-07-01","Las Margaritas","Enseñanza Secundaria","2873","1392","1481"
"2021-07-01","Las Margaritas","FP1 Grado Medio","555","265","290"
"2021-07-01","Las Margaritas","FP2 Grado Superior","493","190","303"
"2021-07-01","Las Margaritas","B.Superior.BUP,COU","1484","754","730"
"2021-07-01","Las Margaritas","Otras titulaciones medias","90","66","24"
"2021-07-01","Las Margaritas","Diplomados","249","177","72"
"2021-07-01","Las Margaritas","Arquitecto, Ingeniero Tec","83","24","59"
"2021-07-01","Las Margaritas","Licenciado Universitario","1115","663","452"
"2021-07-01","Las Margaritas","Estudios superiores no Un","35","20","15"
"2021-07-01","Las Margaritas","Doctorado Postgrado","268","148","120"
"2021-07-01","Las Margaritas","Valor Desconocido","18","15","3"
"2021-07-01","Los Molinos","Menores de 16","3026","1434","1592"
"2021-07-01","Los Molinos","No sabe leer ni escribir","2","2",
"2021-07-01","Los Molinos","Sin Estudios","68","32","36"
"2021-07-01","Los Molinos","Enseñanza Primaria incomp","264","124","140"
"2021-07-01","Los Molinos","Enseñanza Secundaria","1336","543","793"
"2021-07-01","Los Molinos","FP1 Grado Medio","757","312","445"
"2021-07-01","Los Molinos","FP2 Grado Superior","917","367","550"
"2021-07-01","Los Molinos","B.Superior.BUP,COU","1094","497","597"
"2021-07-01","Los Molinos","Otras titulaciones medias","91","55","36"
"2021-07-01","Los Molinos","Diplomados","676","491","185"
"2021-07-01","Los Molinos","Arquitecto, Ingeniero Tec","286","68","218"
"2021-07-01","Los Molinos","Licenciado Universitario","1619","971","648"
"2021-07-01","Los Molinos","Estudios superiores no Un","53","27","26"
"2021-07-01","Los Molinos","Doctorado Postgrado","428","266","162"
"2021-07-01","Perales del Rio","Menores de 16","2244","1046","1198"
"2021-07-01","Perales del Rio","No sabe leer ni escribir","40","25","15"
"2021-07-01","Perales del Rio","Sin Estudios","239","132","107"
"2021-07-01","Perales del Rio","Enseñanza Primaria incomp","890","450","440"
"2021-07-01","Perales del Rio","Enseñanza Secundaria","2209","1081","1128"
"2021-07-01","Perales del Rio","FP1 Grado Medio","594","283","311"
"2021-07-01","Perales del Rio","FP2 Grado Superior","670","282","388"
"2021-07-01","Perales del Rio","B.Superior.BUP,COU","1417","728","689"
"2021-07-01","Perales del Rio","Otras titulaciones medias","151","85","66"
"2021-07-01","Perales del Rio","Diplomados","334","241","93"
"2021-07-01","Perales del Rio","Arquitecto, Ingeniero Tec","92","24","68"
"2021-07-01","Perales del Rio","Licenciado Universitario","1105","648","457"
"2021-07-01","Perales del Rio","Estudios superiores no Un","37","21","16"
"2021-07-01","Perales del Rio","Doctorado Postgrado","237","131","106"
"2021-07-01","Perales del Rio","Valor Desconocido","15","8","7"
"2021-07-01","San Isidro","Menores de 16","1245","571","674"
"2021-07-01","San Isidro","No sabe leer ni escribir","160","88","72"
"2021-07-01","San Isidro","Sin Estudios","729","436","293"
"2021-07-01","San Isidro","Enseñanza Primaria incomp","1570","842","728"
"2021-07-01","San Isidro","Enseñanza Secundaria","2300","1103","1197"
"2021-07-01","San Isidro","FP1 Grado Medio","467","204","263"
"2021-07-01","San Isidro","FP2 Grado Superior","445","187","258"
"2021-07-01","San Isidro","B.Superior.BUP,COU","958","515","443"
"2021-07-01","San Isidro","Otras titulaciones medias","69","40","29"
"2021-07-01","San Isidro","Diplomados","126","92","34"
"2021-07-01","San Isidro","Arquitecto, Ingeniero Tec","53","13","40"
"2021-07-01","San Isidro","Licenciado Universitario","461","273","188"
"2021-07-01","San Isidro","Estudios superiores no Un","10","6","4"
"2021-07-01","San Isidro","Doctorado Postgrado","80","45","35"
"2021-07-01","San Isidro","Valor Desconocido","13","9","4"
"2021-07-01","Sector III","Menores de 16","2529","1207","1322"
"2021-07-01","Sector III","No sabe leer ni escribir","99","46","53"
"2021-07-01","Sector III","Sin Estudios","788","510","278"
"2021-07-01","Sector III","Enseñanza Primaria incomp","2770","1557","1213"
"2021-07-01","Sector III","Enseñanza Secundaria","4196","2103","2093"
"2021-07-01","Sector III","FP1 Grado Medio","1185","517","668"
"2021-07-01","Sector III","FP2 Grado Superior","1256","425","831"
"2021-07-01","Sector III","B.Superior.BUP,COU","2819","1394","1425"
"2021-07-01","Sector III","Otras titulaciones medias","541","318","223"
"2021-07-01","Sector III","Diplomados","528","393","135"
"2021-07-01","Sector III","Arquitecto, Ingeniero Tec","188","61","127"
"2021-07-01","Sector III","Licenciado Universitario","2592","1334","1258"
"2021-07-01","Sector III","Estudios superiores no Un","26","5","21"
"2021-07-01","Sector III","Doctorado Postgrado","500","280","220"
"2021-07-01","Sector III","Valor Desconocido","80","28","52"
"2021-08-01","Buenavista","Menores de 16","3020","1416","1604"
"2021-08-01","Buenavista","No sabe leer ni escribir","1","1",
"2021-08-01","Buenavista","Sin Estudios","55","31","24"
"2021-08-01","Buenavista","Enseñanza Primaria incomp","240","112","128"
"2021-08-01","Buenavista","Enseñanza Secundaria","1400","555","845"
"2021-08-01","Buenavista","FP1 Grado Medio","791","335","456"
"2021-08-01","Buenavista","FP2 Grado Superior","833","343","490"
"2021-08-01","Buenavista","B.Superior.BUP,COU","1197","562","635"
"2021-08-01","Buenavista","Otras titulaciones medias","65","34","31"
"2021-08-01","Buenavista","Diplomados","703","510","193"
"2021-08-01","Buenavista","Arquitecto, Ingeniero Tec","229","63","166"
"2021-08-01","Buenavista","Licenciado Universitario","1532","944","588"
"2021-08-01","Buenavista","Estudios superiores no Un","44","15","29"
"2021-08-01","Buenavista","Doctorado Postgrado","408","248","160"
"2021-08-01","Buenavista","Valor Desconocido","2","1","1"
"2021-08-01","Centro","Menores de 16","4236","2077","2159"
"2021-08-01","Centro","No sabe leer ni escribir","134","91","43"
"2021-08-01","Centro","Sin Estudios","1678","1046","632"
"2021-08-01","Centro","Enseñanza Primaria incomp","4496","2574","1922"
"2021-08-01","Centro","Enseñanza Secundaria","7676","3863","3813"
"2021-08-01","Centro","FP1 Grado Medio","1615","704","911"
"2021-08-01","Centro","FP2 Grado Superior","1507","626","881"
"2021-08-01","Centro","B.Superior.BUP,COU","4369","2201","2168"
"2021-08-01","Centro","Otras titulaciones medias","467","307","160"
"2021-08-01","Centro","Diplomados","639","449","190"
"2021-08-01","Centro","Arquitecto, Ingeniero Tec","193","70","123"
"2021-08-01","Centro","Licenciado Universitario","3027","1745","1282"
"2021-08-01","Centro","Estudios superiores no Un","64","34","30"
"2021-08-01","Centro","Doctorado Postgrado","614","336","278"
"2021-08-01","Centro","Valor Desconocido","66","33","33"
"2021-08-01","El Bercial","Menores de 16","5120","2465","2655"
"2021-08-01","El Bercial","No sabe leer ni escribir","33","24","9"
"2021-08-01","El Bercial","Sin Estudios","467","287","180"
"2021-08-01","El Bercial","Enseñanza Primaria incomp","1314","695","619"
"2021-08-01","El Bercial","Enseñanza Secundaria","3475","1619","1856"
"2021-08-01","El Bercial","FP1 Grado Medio","977","440","537"
"2021-08-01","El Bercial","FP2 Grado Superior","1252","480","772"
"2021-08-01","El Bercial","B.Superior.BUP,COU","2429","1237","1192"
"2021-08-01","El Bercial","Otras titulaciones medias","184","111","73"
"2021-08-01","El Bercial","Diplomados","808","559","249"
"2021-08-01","El Bercial","Arquitecto, Ingeniero Tec","264","72","192"
"2021-08-01","El Bercial","Licenciado Universitario","2345","1363","982"
"2021-08-01","El Bercial","Estudios superiores no Un","63","28","35"
"2021-08-01","El Bercial","Doctorado Postgrado","501","288","213"
"2021-08-01","El Bercial","Valor Desconocido","14","4","10"
"2021-08-01","Getafe-Norte","Menores de 16","2884","1372","1512"
"2021-08-01","Getafe-Norte","No sabe leer ni escribir","66","38","28"
"2021-08-01","Getafe-Norte","Sin Estudios","605","354","251"
"2021-08-01","Getafe-Norte","Enseñanza Primaria incomp","1795","997","798"
"2021-08-01","Getafe-Norte","Enseñanza Secundaria","4283","2050","2233"
"2021-08-01","Getafe-Norte","FP1 Grado Medio","1257","580","677"
"2021-08-01","Getafe-Norte","FP2 Grado Superior","1416","594","822"
"2021-08-01","Getafe-Norte","B.Superior.BUP,COU","3004","1599","1405"
"2021-08-01","Getafe-Norte","Otras titulaciones medias","229","136","93"
"2021-08-01","Getafe-Norte","Diplomados","474","349","125"
"2021-08-01","Getafe-Norte","Arquitecto, Ingeniero Tec","130","32","98"
"2021-08-01","Getafe-Norte","Licenciado Universitario","2129","1188","941"
"2021-08-01","Getafe-Norte","Estudios superiores no Un","18","9","9"
"2021-08-01","Getafe-Norte","Doctorado Postgrado","417","236","181"
"2021-08-01","Getafe-Norte","Valor Desconocido","35","10","25"
"2021-08-01","Juan de la Cierva","Menores de 16","3927","1887","2040"
"2021-08-01","Juan de la Cierva","No sabe leer ni escribir","154","107","47"
"2021-08-01","Juan de la Cierva","Sin Estudios","2138","1318","820"
"2021-08-01","Juan de la Cierva","Enseñanza Primaria incomp","5136","2853","2283"
"2021-08-01","Juan de la Cierva","Enseñanza Secundaria","7639","3796","3843"
"2021-08-01","Juan de la Cierva","FP1 Grado Medio","1637","739","898"
"2021-08-01","Juan de la Cierva","FP2 Grado Superior","1268","519","749"
"2021-08-01","Juan de la Cierva","B.Superior.BUP,COU","3275","1680","1595"
"2021-08-01","Juan de la Cierva","Otras titulaciones medias","266","173","93"
"2021-08-01","Juan de la Cierva","Diplomados","384","271","113"
"2021-08-01","Juan de la Cierva","Arquitecto, Ingeniero Tec","111","23","88"
"2021-08-01","Juan de la Cierva","Licenciado Universitario","1624","961","663"
"2021-08-01","Juan de la Cierva","Estudios superiores no Un","44","24","20"
"2021-08-01","Juan de la Cierva","Doctorado Postgrado","317","185","132"
"2021-08-01","Juan de la Cierva","Valor Desconocido","67","28","39"
"2021-08-01","La Alhóndiga","Menores de 16","3735","1753","1982"
"2021-08-01","La Alhóndiga","No sabe leer ni escribir","120","91","29"
"2021-08-01","La Alhóndiga","Sin Estudios","1587","990","597"
"2021-08-01","La Alhóndiga","Enseñanza Primaria incomp","3398","1855","1543"
"2021-08-01","La Alhóndiga","Enseñanza Secundaria","5475","2652","2823"
"2021-08-01","La Alhóndiga","FP1 Grado Medio","1243","571","672"
"2021-08-01","La Alhóndiga","FP2 Grado Superior","1174","488","686"
"2021-08-01","La Alhóndiga","B.Superior.BUP,COU","2822","1487","1335"
"2021-08-01","La Alhóndiga","Otras titulaciones medias","195","119","76"
"2021-08-01","La Alhóndiga","Diplomados","474","343","131"
"2021-08-01","La Alhóndiga","Arquitecto, Ingeniero Tec","153","42","111"
"2021-08-01","La Alhóndiga","Licenciado Universitario","1732","1013","719"
"2021-08-01","La Alhóndiga","Estudios superiores no Un","43","18","25"
"2021-08-01","La Alhóndiga","Doctorado Postgrado","365","207","158"
"2021-08-01","La Alhóndiga","Valor Desconocido","29","12","17"
"2021-08-01","Las Margaritas","Menores de 16","1963","933","1030"
"2021-08-01","Las Margaritas","No sabe leer ni escribir","68","45","23"
"2021-08-01","Las Margaritas","Sin Estudios","792","491","301"
"2021-08-01","Las Margaritas","Enseñanza Primaria incomp","1568","853","715"
"2021-08-01","Las Margaritas","Enseñanza Secundaria","2874","1398","1476"
"2021-08-01","Las Margaritas","FP1 Grado Medio","557","266","291"
"2021-08-01","Las Margaritas","FP2 Grado Superior","490","189","301"
"2021-08-01","Las Margaritas","B.Superior.BUP,COU","1475","748","727"
"2021-08-01","Las Margaritas","Otras titulaciones medias","88","65","23"
"2021-08-01","Las Margaritas","Diplomados","248","176","72"
"2021-08-01","Las Margaritas","Arquitecto, Ingeniero Tec","83","24","59"
"2021-08-01","Las Margaritas","Licenciado Universitario","1114","666","448"
"2021-08-01","Las Margaritas","Estudios superiores no Un","38","21","17"
"2021-08-01","Las Margaritas","Doctorado Postgrado","273","152","121"
"2021-08-01","Las Margaritas","Valor Desconocido","17","13","4"
"2021-08-01","Los Molinos","Menores de 16","3051","1445","1606"
"2021-08-01","Los Molinos","No sabe leer ni escribir","2","2",
"2021-08-01","Los Molinos","Sin Estudios","69","33","36"
"2021-08-01","Los Molinos","Enseñanza Primaria incomp","265","126","139"
"2021-08-01","Los Molinos","Enseñanza Secundaria","1348","550","798"
"2021-08-01","Los Molinos","FP1 Grado Medio","756","311","445"
"2021-08-01","Los Molinos","FP2 Grado Superior","922","367","555"
"2021-08-01","Los Molinos","B.Superior.BUP,COU","1098","501","597"
"2021-08-01","Los Molinos","Otras titulaciones medias","92","56","36"
"2021-08-01","Los Molinos","Diplomados","677","493","184"
"2021-08-01","Los Molinos","Arquitecto, Ingeniero Tec","286","68","218"
"2021-08-01","Los Molinos","Licenciado Universitario","1619","969","650"
"2021-08-01","Los Molinos","Estudios superiores no Un","52","26","26"
"2021-08-01","Los Molinos","Doctorado Postgrado","431","265","166"
"2021-08-01","Perales del Rio","Menores de 16","2270","1053","1217"
"2021-08-01","Perales del Rio","No sabe leer ni escribir","41","26","15"
"2021-08-01","Perales del Rio","Sin Estudios","238","131","107"
"2021-08-01","Perales del Rio","Enseñanza Primaria incomp","890","450","440"
"2021-08-01","Perales del Rio","Enseñanza Secundaria","2211","1081","1130"
"2021-08-01","Perales del Rio","FP1 Grado Medio","594","284","310"
"2021-08-01","Perales del Rio","FP2 Grado Superior","671","281","390"
"2021-08-01","Perales del Rio","B.Superior.BUP,COU","1409","723","686"
"2021-08-01","Perales del Rio","Otras titulaciones medias","151","85","66"
"2021-08-01","Perales del Rio","Diplomados","339","244","95"
"2021-08-01","Perales del Rio","Arquitecto, Ingeniero Tec","95","24","71"
"2021-08-01","Perales del Rio","Licenciado Universitario","1110","650","460"
"2021-08-01","Perales del Rio","Estudios superiores no Un","39","22","17"
"2021-08-01","Perales del Rio","Doctorado Postgrado","239","132","107"
"2021-08-01","Perales del Rio","Valor Desconocido","16","8","8"
"2021-08-01","San Isidro","Menores de 16","1246","572","674"
"2021-08-01","San Isidro","No sabe leer ni escribir","158","88","70"
"2021-08-01","San Isidro","Sin Estudios","726","433","293"
"2021-08-01","San Isidro","Enseñanza Primaria incomp","1564","839","725"
"2021-08-01","San Isidro","Enseñanza Secundaria","2282","1092","1190"
"2021-08-01","San Isidro","FP1 Grado Medio","469","204","265"
"2021-08-01","San Isidro","FP2 Grado Superior","445","185","260"
"2021-08-01","San Isidro","B.Superior.BUP,COU","955","513","442"
"2021-08-01","San Isidro","Otras titulaciones medias","68","39","29"
"2021-08-01","San Isidro","Diplomados","123","89","34"
"2021-08-01","San Isidro","Arquitecto, Ingeniero Tec","53","12","41"
"2021-08-01","San Isidro","Licenciado Universitario","458","272","186"
"2021-08-01","San Isidro","Estudios superiores no Un","11","6","5"
"2021-08-01","San Isidro","Doctorado Postgrado","79","44","35"
"2021-08-01","San Isidro","Valor Desconocido","13","9","4"
"2021-08-01","Sector III","Menores de 16","2541","1210","1331"
"2021-08-01","Sector III","No sabe leer ni escribir","98","45","53"
"2021-08-01","Sector III","Sin Estudios","788","506","282"
"2021-08-01","Sector III","Enseñanza Primaria incomp","2779","1556","1223"
"2021-08-01","Sector III","Enseñanza Secundaria","4193","2102","2091"
"2021-08-01","Sector III","FP1 Grado Medio","1184","515","669"
"2021-08-01","Sector III","FP2 Grado Superior","1252","425","827"
"2021-08-01","Sector III","B.Superior.BUP,COU","2811","1391","1420"
"2021-08-01","Sector III","Otras titulaciones medias","541","319","222"
"2021-08-01","Sector III","Diplomados","529","392","137"
"2021-08-01","Sector III","Arquitecto, Ingeniero Tec","191","62","129"
"2021-08-01","Sector III","Licenciado Universitario","2583","1325","1258"
"2021-08-01","Sector III","Estudios superiores no Un","31","8","23"
"2021-08-01","Sector III","Doctorado Postgrado","506","284","222"
"2021-08-01","Sector III","Valor Desconocido","80","28","52"
"2021-09-01","Buenavista","Menores de 16","3062","1432","1630"
"2021-09-01","Buenavista","No sabe leer ni escribir","1","1",
"2021-09-01","Buenavista","Sin Estudios","55","31","24"
"2021-09-01","Buenavista","Enseñanza Primaria incomp","242","113","129"
"2021-09-01","Buenavista","Enseñanza Secundaria","1413","562","851"
"2021-09-01","Buenavista","FP1 Grado Medio","793","337","456"
"2021-09-01","Buenavista","FP2 Grado Superior","836","343","493"
"2021-09-01","Buenavista","B.Superior.BUP,COU","1203","563","640"
"2021-09-01","Buenavista","Otras titulaciones medias","65","34","31"
"2021-09-01","Buenavista","Diplomados","708","513","195"
"2021-09-01","Buenavista","Arquitecto, Ingeniero Tec","232","64","168"
"2021-09-01","Buenavista","Licenciado Universitario","1543","950","593"
"2021-09-01","Buenavista","Estudios superiores no Un","44","15","29"
"2021-09-01","Buenavista","Doctorado Postgrado","410","250","160"
"2021-09-01","Buenavista","Valor Desconocido","2","1","1"
"2021-09-01","Centro","Menores de 16","4221","2070","2151"
"2021-09-01","Centro","No sabe leer ni escribir","133","90","43"
"2021-09-01","Centro","Sin Estudios","1668","1039","629"
"2021-09-01","Centro","Enseñanza Primaria incomp","4472","2557","1915"
"2021-09-01","Centro","Enseñanza Secundaria","7661","3856","3805"
"2021-09-01","Centro","FP1 Grado Medio","1610","702","908"
"2021-09-01","Centro","FP2 Grado Superior","1501","622","879"
"2021-09-01","Centro","B.Superior.BUP,COU","4350","2190","2160"
"2021-09-01","Centro","Otras titulaciones medias","464","303","161"
"2021-09-01","Centro","Diplomados","634","442","192"
"2021-09-01","Centro","Arquitecto, Ingeniero Tec","192","70","122"
"2021-09-01","Centro","Licenciado Universitario","3019","1742","1277"
"2021-09-01","Centro","Estudios superiores no Un","64","34","30"
"2021-09-01","Centro","Doctorado Postgrado","616","335","281"
"2021-09-01","Centro","Valor Desconocido","65","33","32"
"2021-09-01","El Bercial","Menores de 16","5133","2472","2661"
"2021-09-01","El Bercial","No sabe leer ni escribir","33","24","9"
"2021-09-01","El Bercial","Sin Estudios","467","288","179"
"2021-09-01","El Bercial","Enseñanza Primaria incomp","1317","696","621"
"2021-09-01","El Bercial","Enseñanza Secundaria","3470","1614","1856"
"2021-09-01","El Bercial","FP1 Grado Medio","972","438","534"
"2021-09-01","El Bercial","FP2 Grado Superior","1259","483","776"
"2021-09-01","El Bercial","B.Superior.BUP,COU","2431","1237","1194"
"2021-09-01","El Bercial","Otras titulaciones medias","185","111","74"
"2021-09-01","El Bercial","Diplomados","807","559","248"
"2021-09-01","El Bercial","Arquitecto, Ingeniero Tec","264","73","191"
"2021-09-01","El Bercial","Licenciado Universitario","2353","1368","985"
"2021-09-01","El Bercial","Estudios superiores no Un","63","28","35"
"2021-09-01","El Bercial","Doctorado Postgrado","507","290","217"
"2021-09-01","El Bercial","Valor Desconocido","14","4","10"
"2021-09-01","Getafe-Norte","Menores de 16","2883","1370","1513"
"2021-09-01","Getafe-Norte","No sabe leer ni escribir","66","38","28"
"2021-09-01","Getafe-Norte","Sin Estudios","603","354","249"
"2021-09-01","Getafe-Norte","Enseñanza Primaria incomp","1794","995","799"
"2021-09-01","Getafe-Norte","Enseñanza Secundaria","4277","2047","2230"
"2021-09-01","Getafe-Norte","FP1 Grado Medio","1257","580","677"
"2021-09-01","Getafe-Norte","FP2 Grado Superior","1416","596","820"
"2021-09-01","Getafe-Norte","B.Superior.BUP,COU","2999","1594","1405"
"2021-09-01","Getafe-Norte","Otras titulaciones medias","230","137","93"
"2021-09-01","Getafe-Norte","Diplomados","474","349","125"
"2021-09-01","Getafe-Norte","Arquitecto, Ingeniero Tec","129","32","97"
"2021-09-01","Getafe-Norte","Licenciado Universitario","2123","1187","936"
"2021-09-01","Getafe-Norte","Estudios superiores no Un","18","9","9"
"2021-09-01","Getafe-Norte","Doctorado Postgrado","412","230","182"
"2021-09-01","Getafe-Norte","Valor Desconocido","35","10","25"
"2021-09-01","Juan de la Cierva","Menores de 16","3932","1896","2036"
"2021-09-01","Juan de la Cierva","No sabe leer ni escribir","153","106","47"
"2021-09-01","Juan de la Cierva","Sin Estudios","2129","1313","816"
"2021-09-01","Juan de la Cierva","Enseñanza Primaria incomp","5136","2855","2281"
"2021-09-01","Juan de la Cierva","Enseñanza Secundaria","7630","3785","3845"
"2021-09-01","Juan de la Cierva","FP1 Grado Medio","1635","739","896"
"2021-09-01","Juan de la Cierva","FP2 Grado Superior","1271","520","751"
"2021-09-01","Juan de la Cierva","B.Superior.BUP,COU","3281","1682","1599"
"2021-09-01","Juan de la Cierva","Otras titulaciones medias","267","174","93"
"2021-09-01","Juan de la Cierva","Diplomados","382","266","116"
"2021-09-01","Juan de la Cierva","Arquitecto, Ingeniero Tec","112","24","88"
"2021-09-01","Juan de la Cierva","Licenciado Universitario","1627","963","664"
"2021-09-01","Juan de la Cierva","Estudios superiores no Un","44","24","20"
"2021-09-01","Juan de la Cierva","Doctorado Postgrado","317","185","132"
"2021-09-01","Juan de la Cierva","Valor Desconocido","67","28","39"
"2021-09-01","La Alhóndiga","Menores de 16","3744","1759","1985"
"2021-09-01","La Alhóndiga","No sabe leer ni escribir","120","91","29"
"2021-09-01","La Alhóndiga","Sin Estudios","1584","989","595"
"2021-09-01","La Alhóndiga","Enseñanza Primaria incomp","3393","1853","1540"
"2021-09-01","La Alhóndiga","Enseñanza Secundaria","5474","2655","2819"
"2021-09-01","La Alhóndiga","FP1 Grado Medio","1245","574","671"
"2021-09-01","La Alhóndiga","FP2 Grado Superior","1176","487","689"
"2021-09-01","La Alhóndiga","B.Superior.BUP,COU","2819","1484","1335"
"2021-09-01","La Alhóndiga","Otras titulaciones medias","192","119","73"
"2021-09-01","La Alhóndiga","Diplomados","473","342","131"
"2021-09-01","La Alhóndiga","Arquitecto, Ingeniero Tec","154","43","111"
"2021-09-01","La Alhóndiga","Licenciado Universitario","1734","1012","722"
"2021-09-01","La Alhóndiga","Estudios superiores no Un","43","18","25"
"2021-09-01","La Alhóndiga","Doctorado Postgrado","362","207","155"
"2021-09-01","La Alhóndiga","Valor Desconocido","29","12","17"
"2021-09-01","Las Margaritas","Menores de 16","1969","934","1035"
"2021-09-01","Las Margaritas","No sabe leer ni escribir","67","44","23"
"2021-09-01","Las Margaritas","Sin Estudios","789","489","300"
"2021-09-01","Las Margaritas","Enseñanza Primaria incomp","1563","849","714"
"2021-09-01","Las Margaritas","Enseñanza Secundaria","2871","1398","1473"
"2021-09-01","Las Margaritas","FP1 Grado Medio","554","265","289"
"2021-09-01","Las Margaritas","FP2 Grado Superior","488","189","299"
"2021-09-01","Las Margaritas","B.Superior.BUP,COU","1466","744","722"
"2021-09-01","Las Margaritas","Otras titulaciones medias","88","65","23"
"2021-09-01","Las Margaritas","Diplomados","247","175","72"
"2021-09-01","Las Margaritas","Arquitecto, Ingeniero Tec","84","24","60"
"2021-09-01","Las Margaritas","Licenciado Universitario","1106","659","447"
"2021-09-01","Las Margaritas","Estudios superiores no Un","36","20","16"
"2021-09-01","Las Margaritas","Doctorado Postgrado","270","150","120"
"2021-09-01","Las Margaritas","Valor Desconocido","17","13","4"
"2021-09-01","Los Molinos","Menores de 16","3076","1457","1619"
"2021-09-01","Los Molinos","No sabe leer ni escribir","2","2",
"2021-09-01","Los Molinos","Sin Estudios","69","33","36"
"2021-09-01","Los Molinos","Enseñanza Primaria incomp","263","124","139"
"2021-09-01","Los Molinos","Enseñanza Secundaria","1355","555","800"
"2021-09-01","Los Molinos","FP1 Grado Medio","762","314","448"
"2021-09-01","Los Molinos","FP2 Grado Superior","929","370","559"
"2021-09-01","Los Molinos","B.Superior.BUP,COU","1105","506","599"
"2021-09-01","Los Molinos","Otras titulaciones medias","92","56","36"
"2021-09-01","Los Molinos","Diplomados","677","492","185"
"2021-09-01","Los Molinos","Arquitecto, Ingeniero Tec","286","68","218"
"2021-09-01","Los Molinos","Licenciado Universitario","1625","972","653"
"2021-09-01","Los Molinos","Estudios superiores no Un","52","26","26"
"2021-09-01","Los Molinos","Doctorado Postgrado","437","269","168"
"2021-09-01","Perales del Rio","Menores de 16","2279","1058","1221"
"2021-09-01","Perales del Rio","No sabe leer ni escribir","41","26","15"
"2021-09-01","Perales del Rio","Sin Estudios","237","130","107"
"2021-09-01","Perales del Rio","Enseñanza Primaria incomp","884","447","437"
"2021-09-01","Perales del Rio","Enseñanza Secundaria","2213","1081","1132"
"2021-09-01","Perales del Rio","FP1 Grado Medio","593","283","310"
"2021-09-01","Perales del Rio","FP2 Grado Superior","669","279","390"
"2021-09-01","Perales del Rio","B.Superior.BUP,COU","1412","725","687"
"2021-09-01","Perales del Rio","Otras titulaciones medias","151","85","66"
"2021-09-01","Perales del Rio","Diplomados","336","242","94"
"2021-09-01","Perales del Rio","Arquitecto, Ingeniero Tec","95","24","71"
"2021-09-01","Perales del Rio","Licenciado Universitario","1110","649","461"
"2021-09-01","Perales del Rio","Estudios superiores no Un","39","22","17"
"2021-09-01","Perales del Rio","Doctorado Postgrado","242","134","108"
"2021-09-01","Perales del Rio","Valor Desconocido","16","8","8"
"2021-09-01","San Isidro","Menores de 16","1256","578","678"
"2021-09-01","San Isidro","No sabe leer ni escribir","156","87","69"
"2021-09-01","San Isidro","Sin Estudios","722","431","291"
"2021-09-01","San Isidro","Enseñanza Primaria incomp","1564","838","726"
"2021-09-01","San Isidro","Enseñanza Secundaria","2286","1095","1191"
"2021-09-01","San Isidro","FP1 Grado Medio","472","207","265"
"2021-09-01","San Isidro","FP2 Grado Superior","440","182","258"
"2021-09-01","San Isidro","B.Superior.BUP,COU","958","517","441"
"2021-09-01","San Isidro","Otras titulaciones medias","69","39","30"
"2021-09-01","San Isidro","Diplomados","125","90","35"
"2021-09-01","San Isidro","Arquitecto, Ingeniero Tec","51","12","39"
"2021-09-01","San Isidro","Licenciado Universitario","458","271","187"
"2021-09-01","San Isidro","Estudios superiores no Un","11","6","5"
"2021-09-01","San Isidro","Doctorado Postgrado","77","43","34"
"2021-09-01","San Isidro","Valor Desconocido","12","8","4"
"2021-09-01","Sector III","Menores de 16","2542","1215","1327"
"2021-09-01","Sector III","No sabe leer ni escribir","98","45","53"
"2021-09-01","Sector III","Sin Estudios","787","504","283"
"2021-09-01","Sector III","Enseñanza Primaria incomp","2782","1554","1228"
"2021-09-01","Sector III","Enseñanza Secundaria","4193","2096","2097"
"2021-09-01","Sector III","FP1 Grado Medio","1183","512","671"
"2021-09-01","Sector III","FP2 Grado Superior","1249","425","824"
"2021-09-01","Sector III","B.Superior.BUP,COU","2808","1392","1416"
"2021-09-01","Sector III","Otras titulaciones medias","540","318","222"
"2021-09-01","Sector III","Diplomados","529","390","139"
"2021-09-01","Sector III","Arquitecto, Ingeniero Tec","189","61","128"
"2021-09-01","Sector III","Licenciado Universitario","2585","1327","1258"
"2021-09-01","Sector III","Estudios superiores no Un","31","8","23"
"2021-09-01","Sector III","Doctorado Postgrado","504","283","221"
"2021-09-01","Sector III","Valor Desconocido","80","28","52"
